Workbook

Sheet Instrucciones
A2: Descargar de Jira BUGS del filtro de Jira y pegarlos en la pestaña Jira BUGS
A3: C360 Auditoria BUGS OPERACIONAL

Sheet Jira BUGS
A1: Key | B1: Summary | C1: Persona asignada | D1: Prioridad | E1: Estado | F1: Actualizada | G1: Fecha Vencimiento | H1: Creada | I1: Fecha Fin Real | J1: Fecha Inicio Real | K1: Opción 2 | L1: Dias | M1: Opción 3 | N1: Días Resolucion | O1: Mes bug creado | P1: Mes creación | Q1: Año creación | R1: Fecha creación | S1: Mes bug resolucion | T1: Mes resolución | U1: Año resolución | V1: Fecha resolución | W1: Dias abiertos | X1: SLA | Y1: Cumple SLA
A2: ESPC360-21480 | B2: C360_Operacional_Sprint 212_Expres | C2: ERNESTO Gimeno Valiente | D2: Medium | E2: CERRADO ITSM | F2: 45959.615 | H2: 45946.562 | I2: 45959 | J2: 45946 | K2: C360_Operacional_Sprint 212 Expres | L2: 12 | M2: OPERACIONAL | N2: Resolved | O2: =MONTH(H2) -> 10 | P2: =IF(O2=1,"enero",IF(O2=2,"febrero",IF(O2=3,"marzo",IF(O2=4,"abril",IF(O2=5,"mayo",IF(O2=6,"junio",IF(O2=7,"julio",IF(O2=8,"agosto",IF(O2=9,"septiembre",IF(O2=10,"octubre",IF(O2=11,"noviembre",IF(O2=12,"diciembre","REVISAR")))))))))))) -> octubre | Q2: =YEAR(H2) -> 2025 | R2: =CONCATENATE(P2,"-",Q2) -> octubre-2025 | S2: =MONTH(I2) -> 10 | T2: =IF(S2=1,"enero",IF(S2=2,"febrero",IF(S2=3,"marzo",IF(S2=4,"abril",IF(S2=5,"mayo",IF(S2=6,"junio",IF(S2=7,"julio",IF(S2=8,"agosto",IF(S2=9,"septiembre",IF(S2=10,"octubre",IF(S2=11,"noviembre",IF(S2=12,"diciembre","REVISAR")))))))))))) -> octubre | U2: =YEAR(I2) -> 2025 | V2: =CONCATENATE(T2,"-",U2) -> octubre-2025 | W2: =IFERROR(_xlfn.DAYS('Jira BUGS'!I2,'Jira BUGS'!H2),0) -> 13 | X2: =VLOOKUP(D2,SLAs!A:B,2,0) -> 21 | Y2: =IF(N2>=X2,"NO CUMPLE","CUMPLE") -> NO CUMPLE
A3: ESPC360-21196 | B3: C360_Operacional_Sprint 212 | D3: Medium | E3: CERRADO ITSM | F3: 45959.614 | H3: 45932.507 | I3: 45959 | J3: 45950 | K3: C360_Operacional_Sprint 212 | L3: 26 | M3: OPERACIONAL | N3: Resolved | O3: =MONTH(H3) -> 10 | P3: =IF(O3=1,"enero",IF(O3=2,"febrero",IF(O3=3,"marzo",IF(O3=4,"abril",IF(O3=5,"mayo",IF(O3=6,"junio",IF(O3=7,"julio",IF(O3=8,"agosto",IF(O3=9,"septiembre",IF(O3=10,"octubre",IF(O3=11,"noviembre",IF(O3=12,"diciembre","REVISAR")))))))))))) -> octubre | Q3: =YEAR(H3) -> 2025 | R3: =CONCATENATE(P3,"-",Q3) -> octubre-2025 | S3: =MONTH(I3) -> 10 | T3: =IF(S3=1,"enero",IF(S3=2,"febrero",IF(S3=3,"marzo",IF(S3=4,"abril",IF(S3=5,"mayo",IF(S3=6,"junio",IF(S3=7,"julio",IF(S3=8,"agosto",IF(S3=9,"septiembre",IF(S3=10,"octubre",IF(S3=11,"noviembre",IF(S3=12,"diciembre","REVISAR")))))))))))) -> octubre | U3: =YEAR(I3) -> 2025 | V3: =CONCATENATE(T3,"-",U3) -> octubre-2025 | W3: =IFERROR(_xlfn.DAYS('Jira BUGS'!I3,'Jira BUGS'!H3),0) -> 27 | X3: =VLOOKUP(D3,SLAs!A:B,2,0) -> 21 | Y3: =IF(N3>=X3,"NO CUMPLE","CUMPLE") -> NO CUMPLE
A4: ESPC360-20940 | B4: C360_Operacional_Sprint 211 | C4: ERNESTO Gimeno Valiente | D4: Medium | E4: CERRADO ITSM | F4: 45959.612 | H4: 45918.513 | I4: 45951 | J4: 45951 | K4: C360_Operacional_Sprint 211 | L4: 40 | M4: OPERACIONAL | N4: Resolved | O4: =MONTH(H4) -> 9 | P4: =IF(O4=1,"enero",IF(O4=2,"febrero",IF(O4=3,"marzo",IF(O4=4,"abril",IF(O4=5,"mayo",IF(O4=6,"junio",IF(O4=7,"julio",IF(O4=8,"agosto",IF(O4=9,"septiembre",IF(O4=10,"octubre",IF(O4=11,"noviembre",IF(O4=12,"diciembre","REVISAR")))))))))))) -> septiembre | Q4: =YEAR(H4) -> 2025 | R4: =CONCATENATE(P4,"-",Q4) -> septiembre-2025 | S4: =MONTH(I4) -> 10 | T4: =IF(S4=1,"enero",IF(S4=2,"febrero",IF(S4=3,"marzo",IF(S4=4,"abril",IF(S4=5,"mayo",IF(S4=6,"junio",IF(S4=7,"julio",IF(S4=8,"agosto",IF(S4=9,"septiembre",IF(S4=10,"octubre",IF(S4=11,"noviembre",IF(S4=12,"diciembre","REVISAR")))))))))))) -> octubre | U4: =YEAR(I4) -> 2025 | V4: =CONCATENATE(T4,"-",U4) -> octubre-2025 | W4: =IFERROR(_xlfn.DAYS('Jira BUGS'!I4,'Jira BUGS'!H4),0) -> 33 | X4: =VLOOKUP(D4,SLAs!A:B,2,0) -> 21 | Y4: =IF(N4>=X4,"NO CUMPLE","CUMPLE") -> NO CUMPLE
A5: ESPC360-20658 | B5: C360_Operacional_Sprint 210 | C5: ERNESTO Gimeno Valiente | D5: Medium | E5: CERRADO ITSM | F5: 45932.444 | H5: 45904.525 | I5: 45932 | J5: 45918 | K5: C360_Operacional_Sprint 210 | L5: 27 | M5: OPERACIONAL | N5: Resolved | O5: =MONTH(H5) -> 9 | P5: =IF(O5=1,"enero",IF(O5=2,"febrero",IF(O5=3,"marzo",IF(O5=4,"abril",IF(O5=5,"mayo",IF(O5=6,"junio",IF(O5=7,"julio",IF(O5=8,"agosto",IF(O5=9,"septiembre",IF(O5=10,"octubre",IF(O5=11,"noviembre",IF(O5=12,"diciembre","REVISAR")))))))))))) -> septiembre | Q5: =YEAR(H5) -> 2025 | R5: =CONCATENATE(P5,"-",Q5) -> septiembre-2025 | S5: =MONTH(I5) -> 10 | T5: =IF(S5=1,"enero",IF(S5=2,"febrero",IF(S5=3,"marzo",IF(S5=4,"abril",IF(S5=5,"mayo",IF(S5=6,"junio",IF(S5=7,"julio",IF(S5=8,"agosto",IF(S5=9,"septiembre",IF(S5=10,"octubre",IF(S5=11,"noviembre",IF(S5=12,"diciembre","REVISAR")))))))))))) -> octubre | U5: =YEAR(I5) -> 2025 | V5: =CONCATENATE(T5,"-",U5) -> octubre-2025 | W5: =IFERROR(_xlfn.DAYS('Jira BUGS'!I5,'Jira BUGS'!H5),0) -> 28 | X5: =VLOOKUP(D5,SLAs!A:B,2,0) -> 21 | Y5: =IF(N5>=X5,"NO CUMPLE","CUMPLE") -> NO CUMPLE
A6: ESPC360-20902 | B6: C360_Operacional_HotFix_Valores | C6: ERNESTO Gimeno Valiente | D6: Medium | E6: CERRADO ITSM | F6: 45926.484 | H6: 45915.68 | I6: 45926 | J6: 45917 | L6: 10 | M6: OPERACIONAL | N6: Resolved | O6: =MONTH(H6) -> 9 | P6: =IF(O6=1,"enero",IF(O6=2,"febrero",IF(O6=3,"marzo",IF(O6=4,"abril",IF(O6=5,"mayo",IF(O6=6,"junio",IF(O6=7,"julio",IF(O6=8,"agosto",IF(O6=9,"septiembre",IF(O6=10,"octubre",IF(O6=11,"noviembre",IF(O6=12,"diciembre","REVISAR")))))))))))) -> septiembre | Q6: =YEAR(H6) -> 2025 | R6: =CONCATENATE(P6,"-",Q6) -> septiembre-2025 | S6: =MONTH(I6) -> 9 | T6: =IF(S6=1,"enero",IF(S6=2,"febrero",IF(S6=3,"marzo",IF(S6=4,"abril",IF(S6=5,"mayo",IF(S6=6,"junio",IF(S6=7,"julio",IF(S6=8,"agosto",IF(S6=9,"septiembre",IF(S6=10,"octubre",IF(S6=11,"noviembre",IF(S6=12,"diciembre","REVISAR")))))))))))) -> septiembre | U6: =YEAR(I6) -> 2025 | V6: =CONCATENATE(T6,"-",U6) -> septiembre-2025 | W6: =IFERROR(_xlfn.DAYS('Jira BUGS'!I6,'Jira BUGS'!H6),0) -> 11 | X6: =VLOOKUP(D6,SLAs!A:B,2,0) -> 21 | Y6: =IF(N6>=X6,"NO CUMPLE","CUMPLE") -> NO CUMPLE
A7: ESPC360-20479 | B7: C360_Operacional_Sprint 209 | C7: ERNESTO Gimeno Valiente | D7: Medium | E7: CERRADO ITSM | F7: 45926.483 | H7: 45894.397 | I7: 45926 | J7: 45912 | K7: C360_Operacional_Sprint 209 | L7: 31 | M7: OPERACIONAL | N7: Resolved | O7: =MONTH(H7) -> 8 | P7: =IF(O7=1,"enero",IF(O7=2,"febrero",IF(O7=3,"marzo",IF(O7=4,"abril",IF(O7=5,"mayo",IF(O7=6,"junio",IF(O7=7,"julio",IF(O7=8,"agosto",IF(O7=9,"septiembre",IF(O7=10,"octubre",IF(O7=11,"noviembre",IF(O7=12,"diciembre","REVISAR")))))))))))) -> agosto | Q7: =YEAR(H7) -> 2025 | R7: =CONCATENATE(P7,"-",Q7) -> agosto-2025 | S7: =MONTH(I7) -> 9 | T7: =IF(S7=1,"enero",IF(S7=2,"febrero",IF(S7=3,"marzo",IF(S7=4,"abril",IF(S7=5,"mayo",IF(S7=6,"junio",IF(S7=7,"julio",IF(S7=8,"agosto",IF(S7=9,"septiembre",IF(S7=10,"octubre",IF(S7=11,"noviembre",IF(S7=12,"diciembre","REVISAR")))))))))))) -> septiembre | U7: =YEAR(I7) -> 2025 | V7: =CONCATENATE(T7,"-",U7) -> septiembre-2025 | W7: =IFERROR(_xlfn.DAYS('Jira BUGS'!I7,'Jira BUGS'!H7),0) -> 32 | X7: =VLOOKUP(D7,SLAs!A:B,2,0) -> 21 | Y7: =IF(N7>=X7,"NO CUMPLE","CUMPLE") -> NO CUMPLE
A8: ESPC360-20508 | B8: [CM] Modificación incrementales hismo | C8: GONZALO GARCIA MORENO | D8: Medium | E8: CERRADO ITSM | F8: 45924.657 | H8: 45895.42 | I8: 45924 | J8: 45901 | L8: 28 | M8: OPERACIONAL | N8: Resolved | O8: =MONTH(H8) -> 8 | P8: =IF(O8=1,"enero",IF(O8=2,"febrero",IF(O8=3,"marzo",IF(O8=4,"abril",IF(O8=5,"mayo",IF(O8=6,"junio",IF(O8=7,"julio",IF(O8=8,"agosto",IF(O8=9,"septiembre",IF(O8=10,"octubre",IF(O8=11,"noviembre",IF(O8=12,"diciembre","REVISAR")))))))))))) -> agosto | Q8: =YEAR(H8) -> 2025 | R8: =CONCATENATE(P8,"-",Q8) -> agosto-2025 | S8: =MONTH(I8) -> 9 | T8: =IF(S8=1,"enero",IF(S8=2,"febrero",IF(S8=3,"marzo",IF(S8=4,"abril",IF(S8=5,"mayo",IF(S8=6,"junio",IF(S8=7,"julio",IF(S8=8,"agosto",IF(S8=9,"septiembre",IF(S8=10,"octubre",IF(S8=11,"noviembre",IF(S8=12,"diciembre","REVISAR")))))))))))) -> septiembre | U8: =YEAR(I8) -> 2025 | V8: =CONCATENATE(T8,"-",U8) -> septiembre-2025 | W8: =IFERROR(_xlfn.DAYS('Jira BUGS'!I8,'Jira BUGS'!H8),0) -> 29 | X8: =VLOOKUP(D8,SLAs!A:B,2,0) -> 21 | Y8: =IF(N8>=X8,"NO CUMPLE","CUMPLE") -> NO CUMPLE
A9: ESPC360-19953 | B9: [CM] Modificación ingestas previas update-catalogo-productos y desplanificación jobs cloudera | C9: BORJA CORTIJO LAJARA | D9: Medium | E9: CERRADO ITSM | F9: 45904.519 | H9: 45862.504 | I9: 45904 | J9: 45862 | L9: 41 | M9: OPERACIONAL | N9: Resolved | O9: =MONTH(H9) -> 7 | P9: =IF(O9=1,"enero",IF(O9=2,"febrero",IF(O9=3,"marzo",IF(O9=4,"abril",IF(O9=5,"mayo",IF(O9=6,"junio",IF(O9=7,"julio",IF(O9=8,"agosto",IF(O9=9,"septiembre",IF(O9=10,"octubre",IF(O9=11,"noviembre",IF(O9=12,"diciembre","REVISAR")))))))))))) -> julio | Q9: =YEAR(H9) -> 2025 | R9: =CONCATENATE(P9,"-",Q9) -> julio-2025 | S9: =MONTH(I9) -> 9 | T9: =IF(S9=1,"enero",IF(S9=2,"febrero",IF(S9=3,"marzo",IF(S9=4,"abril",IF(S9=5,"mayo",IF(S9=6,"junio",IF(S9=7,"julio",IF(S9=8,"agosto",IF(S9=9,"septiembre",IF(S9=10,"octubre",IF(S9=11,"noviembre",IF(S9=12,"diciembre","REVISAR")))))))))))) -> septiembre | U9: =YEAR(I9) -> 2025 | V9: =CONCATENATE(T9,"-",U9) -> septiembre-2025 | W9: =IFERROR(_xlfn.DAYS('Jira BUGS'!I9,'Jira BUGS'!H9),0) -> 42 | X9: =VLOOKUP(D9,SLAs!A:B,2,0) -> 21 | Y9: =IF(N9>=X9,"NO CUMPLE","CUMPLE") -> NO CUMPLE
A10: ESPC360-20269 | B10: C360_Operacional_Sprint 208 | C10: ERNESTO Gimeno Valiente | D10: Medium | E10: CERRADO ITSM | F10: 45903.051 | H10: 45876.585 | I10: 45902 | J10: 45897 | K10: C360_Operacional_Sprint 208 | L10: 25 | M10: OPERACIONAL | N10: Resolved | O10: =MONTH(H10) -> 8 | P10: =IF(O10=1,"enero",IF(O10=2,"febrero",IF(O10=3,"marzo",IF(O10=4,"abril",IF(O10=5,"mayo",IF(O10=6,"junio",IF(O10=7,"julio",IF(O10=8,"agosto",IF(O10=9,"septiembre",IF(O10=10,"octubre",IF(O10=11,"noviembre",IF(O10=12,"diciembre","REVISAR")))))))))))) -> agosto | Q10: =YEAR(H10) -> 2025 | R10: =CONCATENATE(P10,"-",Q10) -> agosto-2025 | S10: =MONTH(I10) -> 9 | T10: =IF(S10=1,"enero",IF(S10=2,"febrero",IF(S10=3,"marzo",IF(S10=4,"abril",IF(S10=5,"mayo",IF(S10=6,"junio",IF(S10=7,"julio",IF(S10=8,"agosto",IF(S10=9,"septiembre",IF(S10=10,"octubre",IF(S10=11,"noviembre",IF(S10=12,"diciembre","REVISAR")))))))))))) -> septiembre | U10: =YEAR(I10) -> 2025 | V10: =CONCATENATE(T10,"-",U10) -> septiembre-2025 | W10: =IFERROR(_xlfn.DAYS('Jira BUGS'!I10,'Jira BUGS'!H10),0) -> 26 | X10: =VLOOKUP(D10,SLAs!A:B,2,0) -> 21 | Y10: =IF(N10>=X10,"NO CUMPLE","CUMPLE") -> NO CUMPLE
A11: ESPC360-19956 | B11: C360_Operacional_Sprint 207 | C11: ERNESTO Gimeno Valiente | D11: Medium | E11: CERRADO ITSM | F11: 45945.714 | H11: 45862.555 | I11: 45889 | J11: 45877 | K11: C360_Operacional_Sprint 207 | L11: 26 | M11: OPERACIONAL | N11: Resolved | O11: =MONTH(H11) -> 7 | P11: =IF(O11=1,"enero",IF(O11=2,"febrero",IF(O11=3,"marzo",IF(O11=4,"abril",IF(O11=5,"mayo",IF(O11=6,"junio",IF(O11=7,"julio",IF(O11=8,"agosto",IF(O11=9,"septiembre",IF(O11=10,"octubre",IF(O11=11,"noviembre",IF(O11=12,"diciembre","REVISAR")))))))))))) -> julio | Q11: =YEAR(H11) -> 2025 | R11: =CONCATENATE(P11,"-",Q11) -> julio-2025 | S11: =MONTH(I11) -> 8 | T11: =IF(S11=1,"enero",IF(S11=2,"febrero",IF(S11=3,"marzo",IF(S11=4,"abril",IF(S11=5,"mayo",IF(S11=6,"junio",IF(S11=7,"julio",IF(S11=8,"agosto",IF(S11=9,"septiembre",IF(S11=10,"octubre",IF(S11=11,"noviembre",IF(S11=12,"diciembre","REVISAR")))))))))))) -> agosto | U11: =YEAR(I11) -> 2025 | V11: =CONCATENATE(T11,"-",U11) -> agosto-2025 | W11: =IFERROR(_xlfn.DAYS('Jira BUGS'!I11,'Jira BUGS'!H11),0) -> 27 | X11: =VLOOKUP(D11,SLAs!A:B,2,0) -> 21 | Y11: =IF(N11>=X11,"NO CUMPLE","CUMPLE") -> NO CUMPLE
A12: ESPC360-20264 | B12: C360_Operacional_Sprint 207 - Exprés | C12: ERNESTO Gimeno Valiente | D12: Medium | E12: CERRADO ITSM | F12: 45882.62 | H12: 45876.579 | I12: 45882 | J12: 45876 | K12: C360_Operacional_Sprint 207 - Exprés | L12: 5 | M12: OPERACIONAL | N12: Resolved | O12: =MONTH(H12) -> 8 | P12: =IF(O12=1,"enero",IF(O12=2,"febrero",IF(O12=3,"marzo",IF(O12=4,"abril",IF(O12=5,"mayo",IF(O12=6,"junio",IF(O12=7,"julio",IF(O12=8,"agosto",IF(O12=9,"septiembre",IF(O12=10,"octubre",IF(O12=11,"noviembre",IF(O12=12,"diciembre","REVISAR")))))))))))) -> agosto | Q12: =YEAR(H12) -> 2025 | R12: =CONCATENATE(P12,"-",Q12) -> agosto-2025 | S12: =MONTH(I12) -> 8 | T12: =IF(S12=1,"enero",IF(S12=2,"febrero",IF(S12=3,"marzo",IF(S12=4,"abril",IF(S12=5,"mayo",IF(S12=6,"junio",IF(S12=7,"julio",IF(S12=8,"agosto",IF(S12=9,"septiembre",IF(S12=10,"octubre",IF(S12=11,"noviembre",IF(S12=12,"diciembre","REVISAR")))))))))))) -> agosto | U12: =YEAR(I12) -> 2025 | V12: =CONCATENATE(T12,"-",U12) -> agosto-2025 | W12: =IFERROR(_xlfn.DAYS('Jira BUGS'!I12,'Jira BUGS'!H12),0) -> 6 | X12: =VLOOKUP(D12,SLAs!A:B,2,0) -> 21 | Y12: =IF(N12>=X12,"NO CUMPLE","CUMPLE") -> NO CUMPLE
A13: ESPC360-19693 | B13: C360_Operacional_Sprint 206 | D13: Medium | E13: CERRADO ITSM | F13: 45926.504 | H13: 45848.52 | I13: 45875 | J13: 45869 | K13: C360_Operacional_Sprint 206 | L13: 26 | M13: OPERACIONAL | N13: Resolved | O13: =MONTH(H13) -> 7 | P13: =IF(O13=1,"enero",IF(O13=2,"febrero",IF(O13=3,"marzo",IF(O13=4,"abril",IF(O13=5,"mayo",IF(O13=6,"junio",IF(O13=7,"julio",IF(O13=8,"agosto",IF(O13=9,"septiembre",IF(O13=10,"octubre",IF(O13=11,"noviembre",IF(O13=12,"diciembre","REVISAR")))))))))))) -> julio | Q13: =YEAR(H13) -> 2025 | R13: =CONCATENATE(P13,"-",Q13) -> julio-2025 | S13: =MONTH(I13) -> 8 | T13: =IF(S13=1,"enero",IF(S13=2,"febrero",IF(S13=3,"marzo",IF(S13=4,"abril",IF(S13=5,"mayo",IF(S13=6,"junio",IF(S13=7,"julio",IF(S13=8,"agosto",IF(S13=9,"septiembre",IF(S13=10,"octubre",IF(S13=11,"noviembre",IF(S13=12,"diciembre","REVISAR")))))))))))) -> agosto | U13: =YEAR(I13) -> 2025 | V13: =CONCATENATE(T13,"-",U13) -> agosto-2025 | W13: =IFERROR(_xlfn.DAYS('Jira BUGS'!I13,'Jira BUGS'!H13),0) -> 27 | X13: =VLOOKUP(D13,SLAs!A:B,2,0) -> 21 | Y13: =IF(N13>=X13,"NO CUMPLE","CUMPLE") -> NO CUMPLE
A14: ESPC360-19944 | B14: C360_Operacional_Sprint 206 - Exprés - Customer-position | C14: ERNESTO Gimeno Valiente | D14: Medium | E14: CERRADO ITSM | F14: 45926.504 | H14: 45862.377 | I14: 45869 | J14: 45862 | K14: C360_Operacional_Sprint 206 | L14: 6 | M14: OPERACIONAL | N14: Resolved | O14: =MONTH(H14) -> 7 | P14: =IF(O14=1,"enero",IF(O14=2,"febrero",IF(O14=3,"marzo",IF(O14=4,"abril",IF(O14=5,"mayo",IF(O14=6,"junio",IF(O14=7,"julio",IF(O14=8,"agosto",IF(O14=9,"septiembre",IF(O14=10,"octubre",IF(O14=11,"noviembre",IF(O14=12,"diciembre","REVISAR")))))))))))) -> julio | Q14: =YEAR(H14) -> 2025 | R14: =CONCATENATE(P14,"-",Q14) -> julio-2025 | S14: =MONTH(I14) -> 7 | T14: =IF(S14=1,"enero",IF(S14=2,"febrero",IF(S14=3,"marzo",IF(S14=4,"abril",IF(S14=5,"mayo",IF(S14=6,"junio",IF(S14=7,"julio",IF(S14=8,"agosto",IF(S14=9,"septiembre",IF(S14=10,"octubre",IF(S14=11,"noviembre",IF(S14=12,"diciembre","REVISAR")))))))))))) -> julio | U14: =YEAR(I14) -> 2025 | V14: =CONCATENATE(T14,"-",U14) -> julio-2025 | W14: =IFERROR(_xlfn.DAYS('Jira BUGS'!I14,'Jira BUGS'!H14),0) -> 7 | X14: =VLOOKUP(D14,SLAs!A:B,2,0) -> 21 | Y14: =IF(N14>=X14,"NO CUMPLE","CUMPLE") -> NO CUMPLE
A15: ESPC360-19826 | B15: C360_Operacional_Sprint 206 - Exprés | C15: ERNESTO Gimeno Valiente | D15: Medium | E15: CERRADO ITSM | F15: 45926.504 | H15: 45855.365 | I15: 45869 | J15: 45861 | K15: C360_Operacional_Sprint 206 | L15: 13 | M15: OPERACIONAL | N15: Resolved | O15: =MONTH(H15) -> 7 | P15: =IF(O15=1,"enero",IF(O15=2,"febrero",IF(O15=3,"marzo",IF(O15=4,"abril",IF(O15=5,"mayo",IF(O15=6,"junio",IF(O15=7,"julio",IF(O15=8,"agosto",IF(O15=9,"septiembre",IF(O15=10,"octubre",IF(O15=11,"noviembre",IF(O15=12,"diciembre","REVISAR")))))))))))) -> julio | Q15: =YEAR(H15) -> 2025 | R15: =CONCATENATE(P15,"-",Q15) -> julio-2025 | S15: =MONTH(I15) -> 7 | T15: =IF(S15=1,"enero",IF(S15=2,"febrero",IF(S15=3,"marzo",IF(S15=4,"abril",IF(S15=5,"mayo",IF(S15=6,"junio",IF(S15=7,"julio",IF(S15=8,"agosto",IF(S15=9,"septiembre",IF(S15=10,"octubre",IF(S15=11,"noviembre",IF(S15=12,"diciembre","REVISAR")))))))))))) -> julio | U15: =YEAR(I15) -> 2025 | V15: =CONCATENATE(T15,"-",U15) -> julio-2025 | W15: =IFERROR(_xlfn.DAYS('Jira BUGS'!I15,'Jira BUGS'!H15),0) -> 14 | X15: =VLOOKUP(D15,SLAs!A:B,2,0) -> 21 | Y15: =IF(N15>=X15,"NO CUMPLE","CUMPLE") -> NO CUMPLE
A16: ESPC360-19407 | B16: C360_Operacional_Sprint 205 | C16: ERNESTO Gimeno Valiente | D16: Medium | E16: CERRADO ITSM | F16: 45861.424 | H16: 45834.518 | I16: 45861 | J16: 45855 | K16: C360_Operacional_Sprint 205 | L16: 26 | M16: OPERACIONAL | N16: Resolved | O16: =MONTH(H16) -> 6 | P16: =IF(O16=1,"enero",IF(O16=2,"febrero",IF(O16=3,"marzo",IF(O16=4,"abril",IF(O16=5,"mayo",IF(O16=6,"junio",IF(O16=7,"julio",IF(O16=8,"agosto",IF(O16=9,"septiembre",IF(O16=10,"octubre",IF(O16=11,"noviembre",IF(O16=12,"diciembre","REVISAR")))))))))))) -> junio | Q16: =YEAR(H16) -> 2025 | R16: =CONCATENATE(P16,"-",Q16) -> junio-2025 | S16: =MONTH(I16) -> 7 | T16: =IF(S16=1,"enero",IF(S16=2,"febrero",IF(S16=3,"marzo",IF(S16=4,"abril",IF(S16=5,"mayo",IF(S16=6,"junio",IF(S16=7,"julio",IF(S16=8,"agosto",IF(S16=9,"septiembre",IF(S16=10,"octubre",IF(S16=11,"noviembre",IF(S16=12,"diciembre","REVISAR")))))))))))) -> julio | U16: =YEAR(I16) -> 2025 | V16: =CONCATENATE(T16,"-",U16) -> julio-2025 | W16: =IFERROR(_xlfn.DAYS('Jira BUGS'!I16,'Jira BUGS'!H16),0) -> 27 | X16: =VLOOKUP(D16,SLAs!A:B,2,0) -> 21 | Y16: =IF(N16>=X16,"NO CUMPLE","CUMPLE") -> NO CUMPLE
A17: ESPC360-19755 | B17: C360_Operacional_Sprint 205 - Exprés | C17: Andrei Brinza | D17: Medium | E17: CERRADO ITSM | F17: 45895.429 | H17: 45848.56 | I17: 45861 | J17: 45849 | K17: [TESTING] Ejecución pruebas de regresión C360_Operacional_Sprint 205_expres | L17: 12 | M17: OPERACIONAL | N17: Resolved | O17: =MONTH(H17) -> 7 | P17: =IF(O17=1,"enero",IF(O17=2,"febrero",IF(O17=3,"marzo",IF(O17=4,"abril",IF(O17=5,"mayo",IF(O17=6,"junio",IF(O17=7,"julio",IF(O17=8,"agosto",IF(O17=9,"septiembre",IF(O17=10,"octubre",IF(O17=11,"noviembre",IF(O17=12,"diciembre","REVISAR")))))))))))) -> julio | Q17: =YEAR(H17) -> 2025 | R17: =CONCATENATE(P17,"-",Q17) -> julio-2025 | S17: =MONTH(I17) -> 7 | T17: =IF(S17=1,"enero",IF(S17=2,"febrero",IF(S17=3,"marzo",IF(S17=4,"abril",IF(S17=5,"mayo",IF(S17=6,"junio",IF(S17=7,"julio",IF(S17=8,"agosto",IF(S17=9,"septiembre",IF(S17=10,"octubre",IF(S17=11,"noviembre",IF(S17=12,"diciembre","REVISAR")))))))))))) -> julio | U17: =YEAR(I17) -> 2025 | V17: =CONCATENATE(T17,"-",U17) -> julio-2025 | W17: =IFERROR(_xlfn.DAYS('Jira BUGS'!I17,'Jira BUGS'!H17),0) -> 13 | X17: =VLOOKUP(D17,SLAs!A:B,2,0) -> 21 | Y17: =IF(N17>=X17,"NO CUMPLE","CUMPLE") -> NO CUMPLE
A18: ESPC360-19490 | B18: C360_Operacional_Sprint 204 - Certificados | C18: ERNESTO Gimeno Valiente | D18: Medium | E18: CERRADO ITSM | F18: 45847.448 | H18: 45835.343 | I18: 45847 | J18: 45835 | K18: C360_Operacional_Sprint 204 - Certificados | L18: 11 | M18: OPERACIONAL | N18: Resolved | O18: =MONTH(H18) -> 6 | P18: =IF(O18=1,"enero",IF(O18=2,"febrero",IF(O18=3,"marzo",IF(O18=4,"abril",IF(O18=5,"mayo",IF(O18=6,"junio",IF(O18=7,"julio",IF(O18=8,"agosto",IF(O18=9,"septiembre",IF(O18=10,"octubre",IF(O18=11,"noviembre",IF(O18=12,"diciembre","REVISAR")))))))))))) -> junio | Q18: =YEAR(H18) -> 2025 | R18: =CONCATENATE(P18,"-",Q18) -> junio-2025 | S18: =MONTH(I18) -> 7 | T18: =IF(S18=1,"enero",IF(S18=2,"febrero",IF(S18=3,"marzo",IF(S18=4,"abril",IF(S18=5,"mayo",IF(S18=6,"junio",IF(S18=7,"julio",IF(S18=8,"agosto",IF(S18=9,"septiembre",IF(S18=10,"octubre",IF(S18=11,"noviembre",IF(S18=12,"diciembre","REVISAR")))))))))))) -> julio | U18: =YEAR(I18) -> 2025 | V18: =CONCATENATE(T18,"-",U18) -> julio-2025 | W18: =IFERROR(_xlfn.DAYS('Jira BUGS'!I18,'Jira BUGS'!H18),0) -> 12 | X18: =VLOOKUP(D18,SLAs!A:B,2,0) -> 21 | Y18: =IF(N18>=X18,"NO CUMPLE","CUMPLE") -> NO CUMPLE
A19: ESPC360-19162 | B19: C360_Operacional_Sprint 204 | C19: ERNESTO Gimeno Valiente | D19: Medium | E19: CERRADO ITSM | F19: 45855.507 | H19: 45820.525 | I19: 45847 | J19: 45835 | K19: C360_Operacional_Sprint 204 | L19: 26 | M19: OPERACIONAL | N19: Resolved | O19: =MONTH(H19) -> 6 | P19: =IF(O19=1,"enero",IF(O19=2,"febrero",IF(O19=3,"marzo",IF(O19=4,"abril",IF(O19=5,"mayo",IF(O19=6,"junio",IF(O19=7,"julio",IF(O19=8,"agosto",IF(O19=9,"septiembre",IF(O19=10,"octubre",IF(O19=11,"noviembre",IF(O19=12,"diciembre","REVISAR")))))))))))) -> junio | Q19: =YEAR(H19) -> 2025 | R19: =CONCATENATE(P19,"-",Q19) -> junio-2025 | S19: =MONTH(I19) -> 7 | T19: =IF(S19=1,"enero",IF(S19=2,"febrero",IF(S19=3,"marzo",IF(S19=4,"abril",IF(S19=5,"mayo",IF(S19=6,"junio",IF(S19=7,"julio",IF(S19=8,"agosto",IF(S19=9,"septiembre",IF(S19=10,"octubre",IF(S19=11,"noviembre",IF(S19=12,"diciembre","REVISAR")))))))))))) -> julio | U19: =YEAR(I19) -> 2025 | V19: =CONCATENATE(T19,"-",U19) -> julio-2025 | W19: =IFERROR(_xlfn.DAYS('Jira BUGS'!I19,'Jira BUGS'!H19),0) -> 27 | X19: =VLOOKUP(D19,SLAs!A:B,2,0) -> 21 | Y19: =IF(N19>=X19,"NO CUMPLE","CUMPLE") -> NO CUMPLE
A20: ESPC360-18907 | B20: C360_Operacional_Sprint 203 | C20: ERNESTO Gimeno Valiente | D20: Medium | E20: CERRADO ITSM | F20: 45833.742 | H20: 45806.725 | I20: 45833 | J20: 45821 | K20: C360_Operacional_Sprint 203 | L20: 26 | M20: OPERACIONAL | N20: Resolved | O20: =MONTH(H20) -> 5 | P20: =IF(O20=1,"enero",IF(O20=2,"febrero",IF(O20=3,"marzo",IF(O20=4,"abril",IF(O20=5,"mayo",IF(O20=6,"junio",IF(O20=7,"julio",IF(O20=8,"agosto",IF(O20=9,"septiembre",IF(O20=10,"octubre",IF(O20=11,"noviembre",IF(O20=12,"diciembre","REVISAR")))))))))))) -> mayo | Q20: =YEAR(H20) -> 2025 | R20: =CONCATENATE(P20,"-",Q20) -> mayo-2025 | S20: =MONTH(I20) -> 6 | T20: =IF(S20=1,"enero",IF(S20=2,"febrero",IF(S20=3,"marzo",IF(S20=4,"abril",IF(S20=5,"mayo",IF(S20=6,"junio",IF(S20=7,"julio",IF(S20=8,"agosto",IF(S20=9,"septiembre",IF(S20=10,"octubre",IF(S20=11,"noviembre",IF(S20=12,"diciembre","REVISAR")))))))))))) -> junio | U20: =YEAR(I20) -> 2025 | V20: =CONCATENATE(T20,"-",U20) -> junio-2025 | W20: =IFERROR(_xlfn.DAYS('Jira BUGS'!I20,'Jira BUGS'!H20),0) -> 27 | X20: =VLOOKUP(D20,SLAs!A:B,2,0) -> 21 | Y20: =IF(N20>=X20,"NO CUMPLE","CUMPLE") -> NO CUMPLE
A21: ESPC360-18427 | B21: C360_Operacional_Sprint 202 | C21: ERNESTO Gimeno Valiente | D21: Medium | E21: CERRADO ITSM | F21: 45834.411 | H21: 45793.632 | I21: 45833 | J21: 45813 | K21: C360_Operacional_Sprint 202 | L21: 39 | M21: OPERACIONAL | N21: Resolved | O21: =MONTH(H21) -> 5 | P21: =IF(O21=1,"enero",IF(O21=2,"febrero",IF(O21=3,"marzo",IF(O21=4,"abril",IF(O21=5,"mayo",IF(O21=6,"junio",IF(O21=7,"julio",IF(O21=8,"agosto",IF(O21=9,"septiembre",IF(O21=10,"octubre",IF(O21=11,"noviembre",IF(O21=12,"diciembre","REVISAR")))))))))))) -> mayo | Q21: =YEAR(H21) -> 2025 | R21: =CONCATENATE(P21,"-",Q21) -> mayo-2025 | S21: =MONTH(I21) -> 6 | T21: =IF(S21=1,"enero",IF(S21=2,"febrero",IF(S21=3,"marzo",IF(S21=4,"abril",IF(S21=5,"mayo",IF(S21=6,"junio",IF(S21=7,"julio",IF(S21=8,"agosto",IF(S21=9,"septiembre",IF(S21=10,"octubre",IF(S21=11,"noviembre",IF(S21=12,"diciembre","REVISAR")))))))))))) -> junio | U21: =YEAR(I21) -> 2025 | V21: =CONCATENATE(T21,"-",U21) -> junio-2025 | W21: =IFERROR(_xlfn.DAYS('Jira BUGS'!I21,'Jira BUGS'!H21),0) -> 40 | X21: =VLOOKUP(D21,SLAs!A:B,2,0) -> 21 | Y21: =IF(N21>=X21,"NO CUMPLE","CUMPLE") -> NO CUMPLE
A22: ESPC360-18426 | B22: C360_Operacional_Sprint 201_Dualidad_Gravity | C22: ERNESTO Gimeno Valiente | D22: Medium | E22: CERRADO ITSM | F22: 45813.396 | H22: 45793.53 | I22: 45813 | L22: 19 | M22: OPERACIONAL | N22: Resolved | O22: =MONTH(H22) -> 5 | P22: =IF(O22=1,"enero",IF(O22=2,"febrero",IF(O22=3,"marzo",IF(O22=4,"abril",IF(O22=5,"mayo",IF(O22=6,"junio",IF(O22=7,"julio",IF(O22=8,"agosto",IF(O22=9,"septiembre",IF(O22=10,"octubre",IF(O22=11,"noviembre",IF(O22=12,"diciembre","REVISAR")))))))))))) -> mayo | Q22: =YEAR(H22) -> 2025 | R22: =CONCATENATE(P22,"-",Q22) -> mayo-2025 | S22: =MONTH(I22) -> 6 | T22: =IF(S22=1,"enero",IF(S22=2,"febrero",IF(S22=3,"marzo",IF(S22=4,"abril",IF(S22=5,"mayo",IF(S22=6,"junio",IF(S22=7,"julio",IF(S22=8,"agosto",IF(S22=9,"septiembre",IF(S22=10,"octubre",IF(S22=11,"noviembre",IF(S22=12,"diciembre","REVISAR")))))))))))) -> junio | U22: =YEAR(I22) -> 2025 | V22: =CONCATENATE(T22,"-",U22) -> junio-2025 | W22: =IFERROR(_xlfn.DAYS('Jira BUGS'!I22,'Jira BUGS'!H22),0) -> 20 | X22: =VLOOKUP(D22,SLAs!A:B,2,0) -> 21 | Y22: =IF(N22>=X22,"NO CUMPLE","CUMPLE") -> NO CUMPLE
A23: ESPC360-18050 | B23: C360_Operacional_Sprint 201 | D23: Medium | E23: CERRADO ITSM | F23: 45849.399 | H23: 45777.773 | I23: 45812 | K23: C360_Operacional_Sprint 201 | L23: 34 | M23: OPERACIONAL | N23: Resolved | O23: =MONTH(H23) -> 4 | P23: =IF(O23=1,"enero",IF(O23=2,"febrero",IF(O23=3,"marzo",IF(O23=4,"abril",IF(O23=5,"mayo",IF(O23=6,"junio",IF(O23=7,"julio",IF(O23=8,"agosto",IF(O23=9,"septiembre",IF(O23=10,"octubre",IF(O23=11,"noviembre",IF(O23=12,"diciembre","REVISAR")))))))))))) -> abril | Q23: =YEAR(H23) -> 2025 | R23: =CONCATENATE(P23,"-",Q23) -> abril-2025 | S23: =MONTH(I23) -> 6 | T23: =IF(S23=1,"enero",IF(S23=2,"febrero",IF(S23=3,"marzo",IF(S23=4,"abril",IF(S23=5,"mayo",IF(S23=6,"junio",IF(S23=7,"julio",IF(S23=8,"agosto",IF(S23=9,"septiembre",IF(S23=10,"octubre",IF(S23=11,"noviembre",IF(S23=12,"diciembre","REVISAR")))))))))))) -> junio | U23: =YEAR(I23) -> 2025 | V23: =CONCATENATE(T23,"-",U23) -> junio-2025 | W23: =IFERROR(_xlfn.DAYS('Jira BUGS'!I23,'Jira BUGS'!H23),0) -> 35 | X23: =VLOOKUP(D23,SLAs!A:B,2,0) -> 21 | Y23: =IF(N23>=X23,"NO CUMPLE","CUMPLE") -> NO CUMPLE
A24: ESPC360-17357 | B24: [CM] ADN360_Sprint 198 Modificaciones Jobs carga-prestamos-bonificaciones-simulacion carga-prestamos-bonificaciones-actual | C24: Andrei Brinza | D24: Medium | E24: CERRADO ITSM | F24: 45812.399 | H24: 45748.735 | I24: 45812 | J24: 45751 | L24: 63 | M24: OPERACIONAL | N24: Resolved | O24: =MONTH(H24) -> 4 | P24: =IF(O24=1,"enero",IF(O24=2,"febrero",IF(O24=3,"marzo",IF(O24=4,"abril",IF(O24=5,"mayo",IF(O24=6,"junio",IF(O24=7,"julio",IF(O24=8,"agosto",IF(O24=9,"septiembre",IF(O24=10,"octubre",IF(O24=11,"noviembre",IF(O24=12,"diciembre","REVISAR")))))))))))) -> abril | Q24: =YEAR(H24) -> 2025 | R24: =CONCATENATE(P24,"-",Q24) -> abril-2025 | S24: =MONTH(I24) -> 6 | T24: =IF(S24=1,"enero",IF(S24=2,"febrero",IF(S24=3,"marzo",IF(S24=4,"abril",IF(S24=5,"mayo",IF(S24=6,"junio",IF(S24=7,"julio",IF(S24=8,"agosto",IF(S24=9,"septiembre",IF(S24=10,"octubre",IF(S24=11,"noviembre",IF(S24=12,"diciembre","REVISAR")))))))))))) -> junio | U24: =YEAR(I24) -> 2025 | V24: =CONCATENATE(T24,"-",U24) -> junio-2025 | W24: =IFERROR(_xlfn.DAYS('Jira BUGS'!I24,'Jira BUGS'!H24),0) -> 64 | X24: =VLOOKUP(D24,SLAs!A:B,2,0) -> 21 | Y24: =IF(N24>=X24,"NO CUMPLE","CUMPLE") -> NO CUMPLE
A25: ESPC360-17664 | B25: [CM] ADN360_Sprint 198 Creacion Jobs carga-tipos-movimientos , carga-tipos-movimientos-gs | C25: Andrei Brinza | D25: Medium | E25: CERRADO ITSM | F25: 45812.399 | H25: 45758.544 | I25: 45812 | J25: 45758 | L25: 53 | M25: OPERACIONAL | N25: Resolved | O25: =MONTH(H25) -> 4 | P25: =IF(O25=1,"enero",IF(O25=2,"febrero",IF(O25=3,"marzo",IF(O25=4,"abril",IF(O25=5,"mayo",IF(O25=6,"junio",IF(O25=7,"julio",IF(O25=8,"agosto",IF(O25=9,"septiembre",IF(O25=10,"octubre",IF(O25=11,"noviembre",IF(O25=12,"diciembre","REVISAR")))))))))))) -> abril | Q25: =YEAR(H25) -> 2025 | R25: =CONCATENATE(P25,"-",Q25) -> abril-2025 | S25: =MONTH(I25) -> 6 | T25: =IF(S25=1,"enero",IF(S25=2,"febrero",IF(S25=3,"marzo",IF(S25=4,"abril",IF(S25=5,"mayo",IF(S25=6,"junio",IF(S25=7,"julio",IF(S25=8,"agosto",IF(S25=9,"septiembre",IF(S25=10,"octubre",IF(S25=11,"noviembre",IF(S25=12,"diciembre","REVISAR")))))))))))) -> junio | U25: =YEAR(I25) -> 2025 | V25: =CONCATENATE(T25,"-",U25) -> junio-2025 | W25: =IFERROR(_xlfn.DAYS('Jira BUGS'!I25,'Jira BUGS'!H25),0) -> 54 | X25: =VLOOKUP(D25,SLAs!A:B,2,0) -> 21 | Y25: =IF(N25>=X25,"NO CUMPLE","CUMPLE") -> NO CUMPLE
A26: ESPC360-17189 | B26: [CM] Sprint 198 - [Portal Deudor] update-contratos-opening | C26: ERIC REVELLES SEGALES | D26: Medium | E26: CERRADO ITSM | F26: 45895.433 | H26: 45743.634 | I26: 45799 | J26: 45743 | L26: 55 | M26: OPERACIONAL | N26: Resolved | O26: =MONTH(H26) -> 3 | P26: =IF(O26=1,"enero",IF(O26=2,"febrero",IF(O26=3,"marzo",IF(O26=4,"abril",IF(O26=5,"mayo",IF(O26=6,"junio",IF(O26=7,"julio",IF(O26=8,"agosto",IF(O26=9,"septiembre",IF(O26=10,"octubre",IF(O26=11,"noviembre",IF(O26=12,"diciembre","REVISAR")))))))))))) -> marzo | Q26: =YEAR(H26) -> 2025 | R26: =CONCATENATE(P26,"-",Q26) -> marzo-2025 | S26: =MONTH(I26) -> 5 | T26: =IF(S26=1,"enero",IF(S26=2,"febrero",IF(S26=3,"marzo",IF(S26=4,"abril",IF(S26=5,"mayo",IF(S26=6,"junio",IF(S26=7,"julio",IF(S26=8,"agosto",IF(S26=9,"septiembre",IF(S26=10,"octubre",IF(S26=11,"noviembre",IF(S26=12,"diciembre","REVISAR")))))))))))) -> mayo | U26: =YEAR(I26) -> 2025 | V26: =CONCATENATE(T26,"-",U26) -> mayo-2025 | W26: =IFERROR(_xlfn.DAYS('Jira BUGS'!I26,'Jira BUGS'!H26),0) -> 56 | X26: =VLOOKUP(D26,SLAs!A:B,2,0) -> 21 | Y26: =IF(N26>=X26,"NO CUMPLE","CUMPLE") -> NO CUMPLE
A27: ESPC360-17713 | B27: C360_Operacional_Sprint 200 | C27: ERNESTO Gimeno Valiente | D27: Medium | E27: CERRADO ITSM | F27: 45797.081 | H27: 45768.719 | I27: 45796 | J27: 45779 | K27: C360_Operacional_Sprint 200 | L27: 27 | M27: OPERACIONAL | N27: Resolved | O27: =MONTH(H27) -> 4 | P27: =IF(O27=1,"enero",IF(O27=2,"febrero",IF(O27=3,"marzo",IF(O27=4,"abril",IF(O27=5,"mayo",IF(O27=6,"junio",IF(O27=7,"julio",IF(O27=8,"agosto",IF(O27=9,"septiembre",IF(O27=10,"octubre",IF(O27=11,"noviembre",IF(O27=12,"diciembre","REVISAR")))))))))))) -> abril | Q27: =YEAR(H27) -> 2025 | R27: =CONCATENATE(P27,"-",Q27) -> abril-2025 | S27: =MONTH(I27) -> 5 | T27: =IF(S27=1,"enero",IF(S27=2,"febrero",IF(S27=3,"marzo",IF(S27=4,"abril",IF(S27=5,"mayo",IF(S27=6,"junio",IF(S27=7,"julio",IF(S27=8,"agosto",IF(S27=9,"septiembre",IF(S27=10,"octubre",IF(S27=11,"noviembre",IF(S27=12,"diciembre","REVISAR")))))))))))) -> mayo | U27: =YEAR(I27) -> 2025 | V27: =CONCATENATE(T27,"-",U27) -> mayo-2025 | W27: =IFERROR(_xlfn.DAYS('Jira BUGS'!I27,'Jira BUGS'!H27),0) -> 28 | X27: =VLOOKUP(D27,SLAs!A:B,2,0) -> 21 | Y27: =IF(N27>=X27,"NO CUMPLE","CUMPLE") -> NO CUMPLE
A28: ESPC360-16743 | B28: [CM] Sprint 197 - [Databricks] - Modificar la malla Control-M en PRE para engancharlo a las condiciones de ingesta cloud | C28: BORJA CORTIJO LAJARA | D28: Medium | E28: CERRADO ITSM | F28: 45895.433 | H28: 45727.469 | I28: 45796 | J28: 45727 | L28: 68 | M28: OPERACIONAL | N28: Resolved | O28: =MONTH(H28) -> 3 | P28: =IF(O28=1,"enero",IF(O28=2,"febrero",IF(O28=3,"marzo",IF(O28=4,"abril",IF(O28=5,"mayo",IF(O28=6,"junio",IF(O28=7,"julio",IF(O28=8,"agosto",IF(O28=9,"septiembre",IF(O28=10,"octubre",IF(O28=11,"noviembre",IF(O28=12,"diciembre","REVISAR")))))))))))) -> marzo | Q28: =YEAR(H28) -> 2025 | R28: =CONCATENATE(P28,"-",Q28) -> marzo-2025 | S28: =MONTH(I28) -> 5 | T28: =IF(S28=1,"enero",IF(S28=2,"febrero",IF(S28=3,"marzo",IF(S28=4,"abril",IF(S28=5,"mayo",IF(S28=6,"junio",IF(S28=7,"julio",IF(S28=8,"agosto",IF(S28=9,"septiembre",IF(S28=10,"octubre",IF(S28=11,"noviembre",IF(S28=12,"diciembre","REVISAR")))))))))))) -> mayo | U28: =YEAR(I28) -> 2025 | V28: =CONCATENATE(T28,"-",U28) -> mayo-2025 | W28: =IFERROR(_xlfn.DAYS('Jira BUGS'!I28,'Jira BUGS'!H28),0) -> 69 | X28: =VLOOKUP(D28,SLAs!A:B,2,0) -> 21 | Y28: =IF(N28>=X28,"NO CUMPLE","CUMPLE") -> NO CUMPLE
A29: ESPC360-17055 | B29: C360_Operacional_Sprint 198 | D29: Medium | E29: CERRADO ITSM | F29: 45784.582 | H29: 45736.614 | I29: 45784 | J29: 45751 | K29: C360_Operacional_Sprint 198 | L29: 47 | M29: OPERACIONAL | N29: Resolved | O29: =MONTH(H29) -> 3 | P29: =IF(O29=1,"enero",IF(O29=2,"febrero",IF(O29=3,"marzo",IF(O29=4,"abril",IF(O29=5,"mayo",IF(O29=6,"junio",IF(O29=7,"julio",IF(O29=8,"agosto",IF(O29=9,"septiembre",IF(O29=10,"octubre",IF(O29=11,"noviembre",IF(O29=12,"diciembre","REVISAR")))))))))))) -> marzo | Q29: =YEAR(H29) -> 2025 | R29: =CONCATENATE(P29,"-",Q29) -> marzo-2025 | S29: =MONTH(I29) -> 5 | T29: =IF(S29=1,"enero",IF(S29=2,"febrero",IF(S29=3,"marzo",IF(S29=4,"abril",IF(S29=5,"mayo",IF(S29=6,"junio",IF(S29=7,"julio",IF(S29=8,"agosto",IF(S29=9,"septiembre",IF(S29=10,"octubre",IF(S29=11,"noviembre",IF(S29=12,"diciembre","REVISAR")))))))))))) -> mayo | U29: =YEAR(I29) -> 2025 | V29: =CONCATENATE(T29,"-",U29) -> mayo-2025 | W29: =IFERROR(_xlfn.DAYS('Jira BUGS'!I29,'Jira BUGS'!H29),0) -> 48 | X29: =VLOOKUP(D29,SLAs!A:B,2,0) -> 21 | Y29: =IF(N29>=X29,"NO CUMPLE","CUMPLE") -> NO CUMPLE
A30: ESPC360-18044 | B30: C360_Operacional_HotFix_BGM | C30: ERNESTO Gimeno Valiente | D30: Medium | E30: CERRADO ITSM | F30: 45784.112 | H30: 45777.566 | I30: 45784 | L30: 5 | M30: OPERACIONAL | N30: Resolved | O30: =MONTH(H30) -> 4 | P30: =IF(O30=1,"enero",IF(O30=2,"febrero",IF(O30=3,"marzo",IF(O30=4,"abril",IF(O30=5,"mayo",IF(O30=6,"junio",IF(O30=7,"julio",IF(O30=8,"agosto",IF(O30=9,"septiembre",IF(O30=10,"octubre",IF(O30=11,"noviembre",IF(O30=12,"diciembre","REVISAR")))))))))))) -> abril | Q30: =YEAR(H30) -> 2025 | R30: =CONCATENATE(P30,"-",Q30) -> abril-2025 | S30: =MONTH(I30) -> 5 | T30: =IF(S30=1,"enero",IF(S30=2,"febrero",IF(S30=3,"marzo",IF(S30=4,"abril",IF(S30=5,"mayo",IF(S30=6,"junio",IF(S30=7,"julio",IF(S30=8,"agosto",IF(S30=9,"septiembre",IF(S30=10,"octubre",IF(S30=11,"noviembre",IF(S30=12,"diciembre","REVISAR")))))))))))) -> mayo | U30: =YEAR(I30) -> 2025 | V30: =CONCATENATE(T30,"-",U30) -> mayo-2025 | W30: =IFERROR(_xlfn.DAYS('Jira BUGS'!I30,'Jira BUGS'!H30),0) -> 7 | X30: =VLOOKUP(D30,SLAs!A:B,2,0) -> 21 | Y30: =IF(N30>=X30,"NO CUMPLE","CUMPLE") -> NO CUMPLE
A31: ESPC360-17446 | B31: C360_Operacional_Sprint 199 | C31: ERNESTO Gimeno Valiente | D31: Medium | E31: CERRADO ITSM | F31: 45786.343 | H31: 45750.675 | I31: 45784 | J31: 45769 | K31: C360_Operacional_Sprint 199 | L31: 32 | M31: OPERACIONAL | N31: Resolved | O31: =MONTH(H31) -> 4 | P31: =IF(O31=1,"enero",IF(O31=2,"febrero",IF(O31=3,"marzo",IF(O31=4,"abril",IF(O31=5,"mayo",IF(O31=6,"junio",IF(O31=7,"julio",IF(O31=8,"agosto",IF(O31=9,"septiembre",IF(O31=10,"octubre",IF(O31=11,"noviembre",IF(O31=12,"diciembre","REVISAR")))))))))))) -> abril | Q31: =YEAR(H31) -> 2025 | R31: =CONCATENATE(P31,"-",Q31) -> abril-2025 | S31: =MONTH(I31) -> 5 | T31: =IF(S31=1,"enero",IF(S31=2,"febrero",IF(S31=3,"marzo",IF(S31=4,"abril",IF(S31=5,"mayo",IF(S31=6,"junio",IF(S31=7,"julio",IF(S31=8,"agosto",IF(S31=9,"septiembre",IF(S31=10,"octubre",IF(S31=11,"noviembre",IF(S31=12,"diciembre","REVISAR")))))))))))) -> mayo | U31: =YEAR(I31) -> 2025 | V31: =CONCATENATE(T31,"-",U31) -> mayo-2025 | W31: =IFERROR(_xlfn.DAYS('Jira BUGS'!I31,'Jira BUGS'!H31),0) -> 34 | X31: =VLOOKUP(D31,SLAs!A:B,2,0) -> 21 | Y31: =IF(N31>=X31,"NO CUMPLE","CUMPLE") -> NO CUMPLE
A32: ESPC360-17380 | B32: C360_Operacional_HotFix_Servicios_Digitales_Santander_Go | C32: ERNESTO Gimeno Valiente | D32: Medium | E32: CERRADO ITSM | F32: 45784.111 | H32: 45750.525 | I32: 45784 | J32: 45782 | L32: 32 | M32: OPERACIONAL | N32: Resolved | O32: =MONTH(H32) -> 4 | P32: =IF(O32=1,"enero",IF(O32=2,"febrero",IF(O32=3,"marzo",IF(O32=4,"abril",IF(O32=5,"mayo",IF(O32=6,"junio",IF(O32=7,"julio",IF(O32=8,"agosto",IF(O32=9,"septiembre",IF(O32=10,"octubre",IF(O32=11,"noviembre",IF(O32=12,"diciembre","REVISAR")))))))))))) -> abril | Q32: =YEAR(H32) -> 2025 | R32: =CONCATENATE(P32,"-",Q32) -> abril-2025 | S32: =MONTH(I32) -> 5 | T32: =IF(S32=1,"enero",IF(S32=2,"febrero",IF(S32=3,"marzo",IF(S32=4,"abril",IF(S32=5,"mayo",IF(S32=6,"junio",IF(S32=7,"julio",IF(S32=8,"agosto",IF(S32=9,"septiembre",IF(S32=10,"octubre",IF(S32=11,"noviembre",IF(S32=12,"diciembre","REVISAR")))))))))))) -> mayo | U32: =YEAR(I32) -> 2025 | V32: =CONCATENATE(T32,"-",U32) -> mayo-2025 | W32: =IFERROR(_xlfn.DAYS('Jira BUGS'!I32,'Jira BUGS'!H32),0) -> 34 | X32: =VLOOKUP(D32,SLAs!A:B,2,0) -> 21 | Y32: =IF(N32>=X32,"NO CUMPLE","CUMPLE") -> NO CUMPLE
A33: ESPC360-16744 | B33: [CM] Desplanificación fichero ingesta planesempleo proceso en PRE | C33: BORJA CORTIJO LAJARA | D33: Medium | E33: CERRADO ITSM | F33: 45770.616 | H33: 45727.478 | I33: 45770 | J33: 45729 | L33: 42 | M33: OPERACIONAL | N33: Resolved | O33: =MONTH(H33) -> 3 | P33: =IF(O33=1,"enero",IF(O33=2,"febrero",IF(O33=3,"marzo",IF(O33=4,"abril",IF(O33=5,"mayo",IF(O33=6,"junio",IF(O33=7,"julio",IF(O33=8,"agosto",IF(O33=9,"septiembre",IF(O33=10,"octubre",IF(O33=11,"noviembre",IF(O33=12,"diciembre","REVISAR")))))))))))) -> marzo | Q33: =YEAR(H33) -> 2025 | R33: =CONCATENATE(P33,"-",Q33) -> marzo-2025 | S33: =MONTH(I33) -> 4 | T33: =IF(S33=1,"enero",IF(S33=2,"febrero",IF(S33=3,"marzo",IF(S33=4,"abril",IF(S33=5,"mayo",IF(S33=6,"junio",IF(S33=7,"julio",IF(S33=8,"agosto",IF(S33=9,"septiembre",IF(S33=10,"octubre",IF(S33=11,"noviembre",IF(S33=12,"diciembre","REVISAR")))))))))))) -> abril | U33: =YEAR(I33) -> 2025 | V33: =CONCATENATE(T33,"-",U33) -> abril-2025 | W33: =IFERROR(_xlfn.DAYS('Jira BUGS'!I33,'Jira BUGS'!H33),0) -> 43 | X33: =VLOOKUP(D33,SLAs!A:B,2,0) -> 21 | Y33: =IF(N33>=X33,"NO CUMPLE","CUMPLE") -> NO CUMPLE
A34: ESPC360-17120 | B34: [CM] Sprint 198 - [Portal Deudor] Batch para cargar las cestas/agrupaciones asociadas a los contratos | C34: JOSE FELIZ HERNANDEZ | D34: Medium | E34: CERRADO ITSM | F34: 45895.433 | H34: 45740.661 | I34: 45769 | L34: 28 | M34: OPERACIONAL | N34: Resolved | O34: =MONTH(H34) -> 3 | P34: =IF(O34=1,"enero",IF(O34=2,"febrero",IF(O34=3,"marzo",IF(O34=4,"abril",IF(O34=5,"mayo",IF(O34=6,"junio",IF(O34=7,"julio",IF(O34=8,"agosto",IF(O34=9,"septiembre",IF(O34=10,"octubre",IF(O34=11,"noviembre",IF(O34=12,"diciembre","REVISAR")))))))))))) -> marzo | Q34: =YEAR(H34) -> 2025 | R34: =CONCATENATE(P34,"-",Q34) -> marzo-2025 | S34: =MONTH(I34) -> 4 | T34: =IF(S34=1,"enero",IF(S34=2,"febrero",IF(S34=3,"marzo",IF(S34=4,"abril",IF(S34=5,"mayo",IF(S34=6,"junio",IF(S34=7,"julio",IF(S34=8,"agosto",IF(S34=9,"septiembre",IF(S34=10,"octubre",IF(S34=11,"noviembre",IF(S34=12,"diciembre","REVISAR")))))))))))) -> abril | U34: =YEAR(I34) -> 2025 | V34: =CONCATENATE(T34,"-",U34) -> abril-2025 | W34: =IFERROR(_xlfn.DAYS('Jira BUGS'!I34,'Jira BUGS'!H34),0) -> 29 | X34: =VLOOKUP(D34,SLAs!A:B,2,0) -> 21 | Y34: =IF(N34>=X34,"NO CUMPLE","CUMPLE") -> NO CUMPLE
A35: ESPC360-16230 | B35: [CM] Sprint 196 - [SmartPricing] Creación proceso Batch actualización | C35: CARLOS Camacho Menchero | D35: Medium | E35: CERRADO ITSM | F35: 45895.435 | H35: 45714.375 | I35: 45758 | J35: 45714 | L35: 43 | M35: OPERACIONAL | N35: Resolved | O35: =MONTH(H35) -> 2 | P35: =IF(O35=1,"enero",IF(O35=2,"febrero",IF(O35=3,"marzo",IF(O35=4,"abril",IF(O35=5,"mayo",IF(O35=6,"junio",IF(O35=7,"julio",IF(O35=8,"agosto",IF(O35=9,"septiembre",IF(O35=10,"octubre",IF(O35=11,"noviembre",IF(O35=12,"diciembre","REVISAR")))))))))))) -> febrero | Q35: =YEAR(H35) -> 2025 | R35: =CONCATENATE(P35,"-",Q35) -> febrero-2025 | S35: =MONTH(I35) -> 4 | T35: =IF(S35=1,"enero",IF(S35=2,"febrero",IF(S35=3,"marzo",IF(S35=4,"abril",IF(S35=5,"mayo",IF(S35=6,"junio",IF(S35=7,"julio",IF(S35=8,"agosto",IF(S35=9,"septiembre",IF(S35=10,"octubre",IF(S35=11,"noviembre",IF(S35=12,"diciembre","REVISAR")))))))))))) -> abril | U35: =YEAR(I35) -> 2025 | V35: =CONCATENATE(T35,"-",U35) -> abril-2025 | W35: =IFERROR(_xlfn.DAYS('Jira BUGS'!I35,'Jira BUGS'!H35),0) -> 44 | X35: =VLOOKUP(D35,SLAs!A:B,2,0) -> 21 | Y35: =IF(N35>=X35,"NO CUMPLE","CUMPLE") -> NO CUMPLE
A36: ESPC360-16562 | B36: C360_Operacional_Sprint 197 | C36: ERNESTO Gimeno Valiente | D36: Medium | E36: CERRADO ITSM | F36: 45756.524 | H36: 45722.548 | I36: 45756 | J36: 45741 | K36: C360_Operacional_Sprint 197 | L36: 33 | M36: OPERACIONAL | N36: Resolved | O36: =MONTH(H36) -> 3 | P36: =IF(O36=1,"enero",IF(O36=2,"febrero",IF(O36=3,"marzo",IF(O36=4,"abril",IF(O36=5,"mayo",IF(O36=6,"junio",IF(O36=7,"julio",IF(O36=8,"agosto",IF(O36=9,"septiembre",IF(O36=10,"octubre",IF(O36=11,"noviembre",IF(O36=12,"diciembre","REVISAR")))))))))))) -> marzo | Q36: =YEAR(H36) -> 2025 | R36: =CONCATENATE(P36,"-",Q36) -> marzo-2025 | S36: =MONTH(I36) -> 4 | T36: =IF(S36=1,"enero",IF(S36=2,"febrero",IF(S36=3,"marzo",IF(S36=4,"abril",IF(S36=5,"mayo",IF(S36=6,"junio",IF(S36=7,"julio",IF(S36=8,"agosto",IF(S36=9,"septiembre",IF(S36=10,"octubre",IF(S36=11,"noviembre",IF(S36=12,"diciembre","REVISAR")))))))))))) -> abril | U36: =YEAR(I36) -> 2025 | V36: =CONCATENATE(T36,"-",U36) -> abril-2025 | W36: =IFERROR(_xlfn.DAYS('Jira BUGS'!I36,'Jira BUGS'!H36),0) -> 34 | X36: =VLOOKUP(D36,SLAs!A:B,2,0) -> 21 | Y36: =IF(N36>=X36,"NO CUMPLE","CUMPLE") -> NO CUMPLE
A37: ESPC360-16947 | B37: C360_Operacional_Fix_Recarga_TasasDemora_préstamos | C37: ERNESTO Gimeno Valiente | D37: Medium | E37: CERRADO ITSM | F37: 45750.477 | H37: 45734.581 | I37: 45750 | J37: 45737 | L37: 15 | M37: OPERACIONAL | N37: Resolved | O37: =MONTH(H37) -> 3 | P37: =IF(O37=1,"enero",IF(O37=2,"febrero",IF(O37=3,"marzo",IF(O37=4,"abril",IF(O37=5,"mayo",IF(O37=6,"junio",IF(O37=7,"julio",IF(O37=8,"agosto",IF(O37=9,"septiembre",IF(O37=10,"octubre",IF(O37=11,"noviembre",IF(O37=12,"diciembre","REVISAR")))))))))))) -> marzo | Q37: =YEAR(H37) -> 2025 | R37: =CONCATENATE(P37,"-",Q37) -> marzo-2025 | S37: =MONTH(I37) -> 4 | T37: =IF(S37=1,"enero",IF(S37=2,"febrero",IF(S37=3,"marzo",IF(S37=4,"abril",IF(S37=5,"mayo",IF(S37=6,"junio",IF(S37=7,"julio",IF(S37=8,"agosto",IF(S37=9,"septiembre",IF(S37=10,"octubre",IF(S37=11,"noviembre",IF(S37=12,"diciembre","REVISAR")))))))))))) -> abril | U37: =YEAR(I37) -> 2025 | V37: =CONCATENATE(T37,"-",U37) -> abril-2025 | W37: =IFERROR(_xlfn.DAYS('Jira BUGS'!I37,'Jira BUGS'!H37),0) -> 16 | X37: =VLOOKUP(D37,SLAs!A:B,2,0) -> 21 | Y37: =IF(N37>=X37,"NO CUMPLE","CUMPLE") -> NO CUMPLE
A38: ESPC360-16517 | B38: [CM] ADN360_Sprint 196 Nuevo Job update-contratos-ico | C38: CARLOS Camacho Menchero | D38: Medium | E38: CERRADO ITSM | F38: 45747.77 | H38: 45720.543 | I38: 45747 | J38: 45720 | L38: 26 | M38: OPERACIONAL | N38: Resolved | O38: =MONTH(H38) -> 3 | P38: =IF(O38=1,"enero",IF(O38=2,"febrero",IF(O38=3,"marzo",IF(O38=4,"abril",IF(O38=5,"mayo",IF(O38=6,"junio",IF(O38=7,"julio",IF(O38=8,"agosto",IF(O38=9,"septiembre",IF(O38=10,"octubre",IF(O38=11,"noviembre",IF(O38=12,"diciembre","REVISAR")))))))))))) -> marzo | Q38: =YEAR(H38) -> 2025 | R38: =CONCATENATE(P38,"-",Q38) -> marzo-2025 | S38: =MONTH(I38) -> 3 | T38: =IF(S38=1,"enero",IF(S38=2,"febrero",IF(S38=3,"marzo",IF(S38=4,"abril",IF(S38=5,"mayo",IF(S38=6,"junio",IF(S38=7,"julio",IF(S38=8,"agosto",IF(S38=9,"septiembre",IF(S38=10,"octubre",IF(S38=11,"noviembre",IF(S38=12,"diciembre","REVISAR")))))))))))) -> marzo | U38: =YEAR(I38) -> 2025 | V38: =CONCATENATE(T38,"-",U38) -> marzo-2025 | W38: =IFERROR(_xlfn.DAYS('Jira BUGS'!I38,'Jira BUGS'!H38),0) -> 27 | X38: =VLOOKUP(D38,SLAs!A:B,2,0) -> 21 | Y38: =IF(N38>=X38,"NO CUMPLE","CUMPLE") -> NO CUMPLE
A39: ESPC360-16212 | B39: [CM] ADN360_Sprint 195 Nuevo Job update-contratos-titulizados | C39: CARLOS Camacho Menchero | D39: Medium | E39: CERRADO ITSM | F39: 45740.508 | H39: 45713.465 | I39: 45740 | J39: 45713 | L39: 26 | M39: OPERACIONAL | N39: Resolved | O39: =MONTH(H39) -> 2 | P39: =IF(O39=1,"enero",IF(O39=2,"febrero",IF(O39=3,"marzo",IF(O39=4,"abril",IF(O39=5,"mayo",IF(O39=6,"junio",IF(O39=7,"julio",IF(O39=8,"agosto",IF(O39=9,"septiembre",IF(O39=10,"octubre",IF(O39=11,"noviembre",IF(O39=12,"diciembre","REVISAR")))))))))))) -> febrero | Q39: =YEAR(H39) -> 2025 | R39: =CONCATENATE(P39,"-",Q39) -> febrero-2025 | S39: =MONTH(I39) -> 3 | T39: =IF(S39=1,"enero",IF(S39=2,"febrero",IF(S39=3,"marzo",IF(S39=4,"abril",IF(S39=5,"mayo",IF(S39=6,"junio",IF(S39=7,"julio",IF(S39=8,"agosto",IF(S39=9,"septiembre",IF(S39=10,"octubre",IF(S39=11,"noviembre",IF(S39=12,"diciembre","REVISAR")))))))))))) -> marzo | U39: =YEAR(I39) -> 2025 | V39: =CONCATENATE(T39,"-",U39) -> marzo-2025 | W39: =IFERROR(_xlfn.DAYS('Jira BUGS'!I39,'Jira BUGS'!H39),0) -> 27 | X39: =VLOOKUP(D39,SLAs!A:B,2,0) -> 21 | Y39: =IF(N39>=X39,"NO CUMPLE","CUMPLE") -> NO CUMPLE
A40: ESPC360-16862 | B40: C360_Operacional_FIX_Tarjetas | C40: ERNESTO Gimeno Valiente | D40: Medium | E40: CERRADO ITSM | F40: 45735.609 | H40: 45730.478 | I40: 45735 | J40: 45730 | L40: 4 | M40: OPERACIONAL | N40: Resolved | O40: =MONTH(H40) -> 3 | P40: =IF(O40=1,"enero",IF(O40=2,"febrero",IF(O40=3,"marzo",IF(O40=4,"abril",IF(O40=5,"mayo",IF(O40=6,"junio",IF(O40=7,"julio",IF(O40=8,"agosto",IF(O40=9,"septiembre",IF(O40=10,"octubre",IF(O40=11,"noviembre",IF(O40=12,"diciembre","REVISAR")))))))))))) -> marzo | Q40: =YEAR(H40) -> 2025 | R40: =CONCATENATE(P40,"-",Q40) -> marzo-2025 | S40: =MONTH(I40) -> 3 | T40: =IF(S40=1,"enero",IF(S40=2,"febrero",IF(S40=3,"marzo",IF(S40=4,"abril",IF(S40=5,"mayo",IF(S40=6,"junio",IF(S40=7,"julio",IF(S40=8,"agosto",IF(S40=9,"septiembre",IF(S40=10,"octubre",IF(S40=11,"noviembre",IF(S40=12,"diciembre","REVISAR")))))))))))) -> marzo | U40: =YEAR(I40) -> 2025 | V40: =CONCATENATE(T40,"-",U40) -> marzo-2025 | W40: =IFERROR(_xlfn.DAYS('Jira BUGS'!I40,'Jira BUGS'!H40),0) -> 5 | X40: =VLOOKUP(D40,SLAs!A:B,2,0) -> 21 | Y40: =IF(N40>=X40,"NO CUMPLE","CUMPLE") -> NO CUMPLE
A41: ESPC360-16098 | B41: C360_Operacional_Sprint 196 | C41: ERNESTO Gimeno Valiente | D41: Medium | E41: CERRADO ITSM | F41: 45735.607 | H41: 45708.597 | I41: 45735 | J41: 45723 | K41: C360_Operacional_Sprint 196 | L41: 26 | M41: OPERACIONAL | N41: Resolved | O41: =MONTH(H41) -> 2 | P41: =IF(O41=1,"enero",IF(O41=2,"febrero",IF(O41=3,"marzo",IF(O41=4,"abril",IF(O41=5,"mayo",IF(O41=6,"junio",IF(O41=7,"julio",IF(O41=8,"agosto",IF(O41=9,"septiembre",IF(O41=10,"octubre",IF(O41=11,"noviembre",IF(O41=12,"diciembre","REVISAR")))))))))))) -> febrero | Q41: =YEAR(H41) -> 2025 | R41: =CONCATENATE(P41,"-",Q41) -> febrero-2025 | S41: =MONTH(I41) -> 3 | T41: =IF(S41=1,"enero",IF(S41=2,"febrero",IF(S41=3,"marzo",IF(S41=4,"abril",IF(S41=5,"mayo",IF(S41=6,"junio",IF(S41=7,"julio",IF(S41=8,"agosto",IF(S41=9,"septiembre",IF(S41=10,"octubre",IF(S41=11,"noviembre",IF(S41=12,"diciembre","REVISAR")))))))))))) -> marzo | U41: =YEAR(I41) -> 2025 | V41: =CONCATENATE(T41,"-",U41) -> marzo-2025 | W41: =IFERROR(_xlfn.DAYS('Jira BUGS'!I41,'Jira BUGS'!H41),0) -> 27 | X41: =VLOOKUP(D41,SLAs!A:B,2,0) -> 21 | Y41: =IF(N41>=X41,"NO CUMPLE","CUMPLE") -> NO CUMPLE
A42: ESPC360-16688 | B42: C360_Operacional_HotFix_Front | C42: ERNESTO Gimeno Valiente | D42: Medium | E42: CERRADO ITSM | F42: 45728.024 | H42: 45723.426 | I42: 45727 | J42: 45723 | L42: 3 | M42: OPERACIONAL | N42: Resolved | O42: =MONTH(H42) -> 3 | P42: =IF(O42=1,"enero",IF(O42=2,"febrero",IF(O42=3,"marzo",IF(O42=4,"abril",IF(O42=5,"mayo",IF(O42=6,"junio",IF(O42=7,"julio",IF(O42=8,"agosto",IF(O42=9,"septiembre",IF(O42=10,"octubre",IF(O42=11,"noviembre",IF(O42=12,"diciembre","REVISAR")))))))))))) -> marzo | Q42: =YEAR(H42) -> 2025 | R42: =CONCATENATE(P42,"-",Q42) -> marzo-2025 | S42: =MONTH(I42) -> 3 | T42: =IF(S42=1,"enero",IF(S42=2,"febrero",IF(S42=3,"marzo",IF(S42=4,"abril",IF(S42=5,"mayo",IF(S42=6,"junio",IF(S42=7,"julio",IF(S42=8,"agosto",IF(S42=9,"septiembre",IF(S42=10,"octubre",IF(S42=11,"noviembre",IF(S42=12,"diciembre","REVISAR")))))))))))) -> marzo | U42: =YEAR(I42) -> 2025 | V42: =CONCATENATE(T42,"-",U42) -> marzo-2025 | W42: =IFERROR(_xlfn.DAYS('Jira BUGS'!I42,'Jira BUGS'!H42),0) -> 4 | X42: =VLOOKUP(D42,SLAs!A:B,2,0) -> 21 | Y42: =IF(N42>=X42,"NO CUMPLE","CUMPLE") -> NO CUMPLE
A43: ESPC360-15720 | B43: [CM] Sprint 195 - Despliegue Databricks cdp360 | C43: CARLOS Camacho Menchero | D43: Medium | E43: CERRADO ITSM | F43: 45895.437 | H43: 45701.438 | I43: 45723 | J43: 45701 | L43: 21 | M43: OPERACIONAL | N43: Resolved | O43: =MONTH(H43) -> 2 | P43: =IF(O43=1,"enero",IF(O43=2,"febrero",IF(O43=3,"marzo",IF(O43=4,"abril",IF(O43=5,"mayo",IF(O43=6,"junio",IF(O43=7,"julio",IF(O43=8,"agosto",IF(O43=9,"septiembre",IF(O43=10,"octubre",IF(O43=11,"noviembre",IF(O43=12,"diciembre","REVISAR")))))))))))) -> febrero | Q43: =YEAR(H43) -> 2025 | R43: =CONCATENATE(P43,"-",Q43) -> febrero-2025 | S43: =MONTH(I43) -> 3 | T43: =IF(S43=1,"enero",IF(S43=2,"febrero",IF(S43=3,"marzo",IF(S43=4,"abril",IF(S43=5,"mayo",IF(S43=6,"junio",IF(S43=7,"julio",IF(S43=8,"agosto",IF(S43=9,"septiembre",IF(S43=10,"octubre",IF(S43=11,"noviembre",IF(S43=12,"diciembre","REVISAR")))))))))))) -> marzo | U43: =YEAR(I43) -> 2025 | V43: =CONCATENATE(T43,"-",U43) -> marzo-2025 | W43: =IFERROR(_xlfn.DAYS('Jira BUGS'!I43,'Jira BUGS'!H43),0) -> 22 | X43: =VLOOKUP(D43,SLAs!A:B,2,0) -> 21 | Y43: =IF(N43>=X43,"NO CUMPLE","CUMPLE") -> NO CUMPLE
A44: ESPC360-16226 | B44: C360_Operacional_HotFix_Movimientos | C44: ERNESTO Gimeno Valiente | D44: Medium | E44: CERRADO ITSM | F44: 45721.056 | H44: 45713.724 | I44: 45721 | J44: 45716 | L44: 6 | M44: OPERACIONAL | N44: Resolved | O44: =MONTH(H44) -> 2 | P44: =IF(O44=1,"enero",IF(O44=2,"febrero",IF(O44=3,"marzo",IF(O44=4,"abril",IF(O44=5,"mayo",IF(O44=6,"junio",IF(O44=7,"julio",IF(O44=8,"agosto",IF(O44=9,"septiembre",IF(O44=10,"octubre",IF(O44=11,"noviembre",IF(O44=12,"diciembre","REVISAR")))))))))))) -> febrero | Q44: =YEAR(H44) -> 2025 | R44: =CONCATENATE(P44,"-",Q44) -> febrero-2025 | S44: =MONTH(I44) -> 3 | T44: =IF(S44=1,"enero",IF(S44=2,"febrero",IF(S44=3,"marzo",IF(S44=4,"abril",IF(S44=5,"mayo",IF(S44=6,"junio",IF(S44=7,"julio",IF(S44=8,"agosto",IF(S44=9,"septiembre",IF(S44=10,"octubre",IF(S44=11,"noviembre",IF(S44=12,"diciembre","REVISAR")))))))))))) -> marzo | U44: =YEAR(I44) -> 2025 | V44: =CONCATENATE(T44,"-",U44) -> marzo-2025 | W44: =IFERROR(_xlfn.DAYS('Jira BUGS'!I44,'Jira BUGS'!H44),0) -> 8 | X44: =VLOOKUP(D44,SLAs!A:B,2,0) -> 21 | Y44: =IF(N44>=X44,"NO CUMPLE","CUMPLE") -> NO CUMPLE
A45: ESPC360-15489 | B45: C360_Operacional_Sprint 195 | C45: ERNESTO Gimeno Valiente | D45: Medium | E45: CERRADO ITSM | F45: 45799.573 | H45: 45694.56 | I45: 45721 | J45: 45709 | K45: Migración lago - Batch adn360-batch-international-payments | L45: 25 | M45: OPERACIONAL | N45: Resolved | O45: =MONTH(H45) -> 2 | P45: =IF(O45=1,"enero",IF(O45=2,"febrero",IF(O45=3,"marzo",IF(O45=4,"abril",IF(O45=5,"mayo",IF(O45=6,"junio",IF(O45=7,"julio",IF(O45=8,"agosto",IF(O45=9,"septiembre",IF(O45=10,"octubre",IF(O45=11,"noviembre",IF(O45=12,"diciembre","REVISAR")))))))))))) -> febrero | Q45: =YEAR(H45) -> 2025 | R45: =CONCATENATE(P45,"-",Q45) -> febrero-2025 | S45: =MONTH(I45) -> 3 | T45: =IF(S45=1,"enero",IF(S45=2,"febrero",IF(S45=3,"marzo",IF(S45=4,"abril",IF(S45=5,"mayo",IF(S45=6,"junio",IF(S45=7,"julio",IF(S45=8,"agosto",IF(S45=9,"septiembre",IF(S45=10,"octubre",IF(S45=11,"noviembre",IF(S45=12,"diciembre","REVISAR")))))))))))) -> marzo | U45: =YEAR(I45) -> 2025 | V45: =CONCATENATE(T45,"-",U45) -> marzo-2025 | W45: =IFERROR(_xlfn.DAYS('Jira BUGS'!I45,'Jira BUGS'!H45),0) -> 27 | X45: =VLOOKUP(D45,SLAs!A:B,2,0) -> 21 | Y45: =IF(N45>=X45,"NO CUMPLE","CUMPLE") -> NO CUMPLE
A46: ESPC360-15448 | B46: [CM] Sprint_194 Nuevo Job carga-divisas-precision | C46: CARLOS Camacho Menchero | D46: Medium | E46: CERRADO ITSM | F46: 45719.686 | H46: 45692.68 | I46: 45719 | J46: 45698 | L46: 26 | M46: OPERACIONAL | N46: Resolved | O46: =MONTH(H46) -> 2 | P46: =IF(O46=1,"enero",IF(O46=2,"febrero",IF(O46=3,"marzo",IF(O46=4,"abril",IF(O46=5,"mayo",IF(O46=6,"junio",IF(O46=7,"julio",IF(O46=8,"agosto",IF(O46=9,"septiembre",IF(O46=10,"octubre",IF(O46=11,"noviembre",IF(O46=12,"diciembre","REVISAR")))))))))))) -> febrero | Q46: =YEAR(H46) -> 2025 | R46: =CONCATENATE(P46,"-",Q46) -> febrero-2025 | S46: =MONTH(I46) -> 3 | T46: =IF(S46=1,"enero",IF(S46=2,"febrero",IF(S46=3,"marzo",IF(S46=4,"abril",IF(S46=5,"mayo",IF(S46=6,"junio",IF(S46=7,"julio",IF(S46=8,"agosto",IF(S46=9,"septiembre",IF(S46=10,"octubre",IF(S46=11,"noviembre",IF(S46=12,"diciembre","REVISAR")))))))))))) -> marzo | U46: =YEAR(I46) -> 2025 | V46: =CONCATENATE(T46,"-",U46) -> marzo-2025 | W46: =IFERROR(_xlfn.DAYS('Jira BUGS'!I46,'Jira BUGS'!H46),0) -> 27 | X46: =VLOOKUP(D46,SLAs!A:B,2,0) -> 21 | Y46: =IF(N46>=X46,"NO CUMPLE","CUMPLE") -> NO CUMPLE
A47: ESPC360-15926 | B47: [CM]- Databricks Movimientos Cuentas | C47: CARLOS Camacho Menchero | D47: Medium | E47: CERRADO ITSM | F47: 45895.436 | H47: 45701.734 | I47: 45719 | J47: 45701 | L47: 17 | M47: OPERACIONAL | N47: Resolved | O47: =MONTH(H47) -> 2 | P47: =IF(O47=1,"enero",IF(O47=2,"febrero",IF(O47=3,"marzo",IF(O47=4,"abril",IF(O47=5,"mayo",IF(O47=6,"junio",IF(O47=7,"julio",IF(O47=8,"agosto",IF(O47=9,"septiembre",IF(O47=10,"octubre",IF(O47=11,"noviembre",IF(O47=12,"diciembre","REVISAR")))))))))))) -> febrero | Q47: =YEAR(H47) -> 2025 | R47: =CONCATENATE(P47,"-",Q47) -> febrero-2025 | S47: =MONTH(I47) -> 3 | T47: =IF(S47=1,"enero",IF(S47=2,"febrero",IF(S47=3,"marzo",IF(S47=4,"abril",IF(S47=5,"mayo",IF(S47=6,"junio",IF(S47=7,"julio",IF(S47=8,"agosto",IF(S47=9,"septiembre",IF(S47=10,"octubre",IF(S47=11,"noviembre",IF(S47=12,"diciembre","REVISAR")))))))))))) -> marzo | U47: =YEAR(I47) -> 2025 | V47: =CONCATENATE(T47,"-",U47) -> marzo-2025 | W47: =IFERROR(_xlfn.DAYS('Jira BUGS'!I47,'Jira BUGS'!H47),0) -> 18 | X47: =VLOOKUP(D47,SLAs!A:B,2,0) -> 21 | Y47: =IF(N47>=X47,"NO CUMPLE","CUMPLE") -> NO CUMPLE
A48: ESPC360-13775 | B48: [CM] Sprint 190 - Santander GO | C48: CARLOS Camacho Menchero | D48: Medium | E48: CERRADO ITSM | F48: 45895.442 | H48: 45625.4 | I48: 45716 | J48: 45625 | K48: C360_Operacional_Sprint 173 | L48: 90 | M48: OPERACIONAL | N48: Resolved | O48: =MONTH(H48) -> 11 | P48: =IF(O48=1,"enero",IF(O48=2,"febrero",IF(O48=3,"marzo",IF(O48=4,"abril",IF(O48=5,"mayo",IF(O48=6,"junio",IF(O48=7,"julio",IF(O48=8,"agosto",IF(O48=9,"septiembre",IF(O48=10,"octubre",IF(O48=11,"noviembre",IF(O48=12,"diciembre","REVISAR")))))))))))) -> noviembre | Q48: =YEAR(H48) -> 2024 | R48: =CONCATENATE(P48,"-",Q48) -> noviembre-2024 | S48: =MONTH(I48) -> 2 | T48: =IF(S48=1,"enero",IF(S48=2,"febrero",IF(S48=3,"marzo",IF(S48=4,"abril",IF(S48=5,"mayo",IF(S48=6,"junio",IF(S48=7,"julio",IF(S48=8,"agosto",IF(S48=9,"septiembre",IF(S48=10,"octubre",IF(S48=11,"noviembre",IF(S48=12,"diciembre","REVISAR")))))))))))) -> febrero | U48: =YEAR(I48) -> 2025 | V48: =CONCATENATE(T48,"-",U48) -> febrero-2025 | W48: =IFERROR(_xlfn.DAYS('Jira BUGS'!I48,'Jira BUGS'!H48),0) -> 91 | X48: =VLOOKUP(D48,SLAs!A:B,2,0) -> 21 | Y48: =IF(N48>=X48,"NO CUMPLE","CUMPLE") -> NO CUMPLE
A49: ESPC360-15635 | B49: Despliegue Batch Databricks CDP360 | C49: ERNESTO Gimeno Valiente | D49: Medium | E49: CERRADO ITSM | F49: 45712.734 | H49: 45698.444 | I49: 45712 | J49: 45698 | K49: Despliegue Batch Databricks CDP360 | L49: 13 | M49: OPERACIONAL | N49: Resolved | O49: =MONTH(H49) -> 2 | P49: =IF(O49=1,"enero",IF(O49=2,"febrero",IF(O49=3,"marzo",IF(O49=4,"abril",IF(O49=5,"mayo",IF(O49=6,"junio",IF(O49=7,"julio",IF(O49=8,"agosto",IF(O49=9,"septiembre",IF(O49=10,"octubre",IF(O49=11,"noviembre",IF(O49=12,"diciembre","REVISAR")))))))))))) -> febrero | Q49: =YEAR(H49) -> 2025 | R49: =CONCATENATE(P49,"-",Q49) -> febrero-2025 | S49: =MONTH(I49) -> 2 | T49: =IF(S49=1,"enero",IF(S49=2,"febrero",IF(S49=3,"marzo",IF(S49=4,"abril",IF(S49=5,"mayo",IF(S49=6,"junio",IF(S49=7,"julio",IF(S49=8,"agosto",IF(S49=9,"septiembre",IF(S49=10,"octubre",IF(S49=11,"noviembre",IF(S49=12,"diciembre","REVISAR")))))))))))) -> febrero | U49: =YEAR(I49) -> 2025 | V49: =CONCATENATE(T49,"-",U49) -> febrero-2025 | W49: =IFERROR(_xlfn.DAYS('Jira BUGS'!I49,'Jira BUGS'!H49),0) -> 14 | X49: =VLOOKUP(D49,SLAs!A:B,2,0) -> 21 | Y49: =IF(N49>=X49,"NO CUMPLE","CUMPLE") -> NO CUMPLE
A50: ESPC360-14953 | B50: C360_Operacional_Sprint 194 | C50: ERNESTO Gimeno Valiente | D50: Medium | E50: CERRADO ITSM | F50: 45708.383 | H50: 45680.563 | I50: 45708 | J50: 45694 | K50: C360_Operacional_Sprint 194 | L50: 27 | M50: OPERACIONAL | N50: Resolved | O50: =MONTH(H50) -> 1 | P50: =IF(O50=1,"enero",IF(O50=2,"febrero",IF(O50=3,"marzo",IF(O50=4,"abril",IF(O50=5,"mayo",IF(O50=6,"junio",IF(O50=7,"julio",IF(O50=8,"agosto",IF(O50=9,"septiembre",IF(O50=10,"octubre",IF(O50=11,"noviembre",IF(O50=12,"diciembre","REVISAR")))))))))))) -> enero | Q50: =YEAR(H50) -> 2025 | R50: =CONCATENATE(P50,"-",Q50) -> enero-2025 | S50: =MONTH(I50) -> 2 | T50: =IF(S50=1,"enero",IF(S50=2,"febrero",IF(S50=3,"marzo",IF(S50=4,"abril",IF(S50=5,"mayo",IF(S50=6,"junio",IF(S50=7,"julio",IF(S50=8,"agosto",IF(S50=9,"septiembre",IF(S50=10,"octubre",IF(S50=11,"noviembre",IF(S50=12,"diciembre","REVISAR")))))))))))) -> febrero | U50: =YEAR(I50) -> 2025 | V50: =CONCATENATE(T50,"-",U50) -> febrero-2025 | W50: =IFERROR(_xlfn.DAYS('Jira BUGS'!I50,'Jira BUGS'!H50),0) -> 28 | X50: =VLOOKUP(D50,SLAs!A:B,2,0) -> 21 | Y50: =IF(N50>=X50,"NO CUMPLE","CUMPLE") -> NO CUMPLE
A51: ESPC360-15487 | B51: [CM] Desplanificación PADN108D y IADN108D | C51: Arturo Ruiz Simon | D51: Medium | E51: CERRADO ITSM | F51: 45707.532 | H51: 45694.55 | I51: 45707 | J51: 45701 | L51: 12 | M51: OPERACIONAL | N51: Resolved | O51: =MONTH(H51) -> 2 | P51: =IF(O51=1,"enero",IF(O51=2,"febrero",IF(O51=3,"marzo",IF(O51=4,"abril",IF(O51=5,"mayo",IF(O51=6,"junio",IF(O51=7,"julio",IF(O51=8,"agosto",IF(O51=9,"septiembre",IF(O51=10,"octubre",IF(O51=11,"noviembre",IF(O51=12,"diciembre","REVISAR")))))))))))) -> febrero | Q51: =YEAR(H51) -> 2025 | R51: =CONCATENATE(P51,"-",Q51) -> febrero-2025 | S51: =MONTH(I51) -> 2 | T51: =IF(S51=1,"enero",IF(S51=2,"febrero",IF(S51=3,"marzo",IF(S51=4,"abril",IF(S51=5,"mayo",IF(S51=6,"junio",IF(S51=7,"julio",IF(S51=8,"agosto",IF(S51=9,"septiembre",IF(S51=10,"octubre",IF(S51=11,"noviembre",IF(S51=12,"diciembre","REVISAR")))))))))))) -> febrero | U51: =YEAR(I51) -> 2025 | V51: =CONCATENATE(T51,"-",U51) -> febrero-2025 | W51: =IFERROR(_xlfn.DAYS('Jira BUGS'!I51,'Jira BUGS'!H51),0) -> 13 | X51: =VLOOKUP(D51,SLAs!A:B,2,0) -> 21 | Y51: =IF(N51>=X51,"NO CUMPLE","CUMPLE") -> NO CUMPLE
A52: ESPC360-14498 | B52: [CM] Sprint 193 - Databricks Bloque 4 | C52: CARLOS Camacho Menchero | D52: Medium | E52: CERRADO ITSM | F52: 45895.439 | H52: 45673.387 | I52: 45706 | J52: 45673 | L52: 32 | M52: OPERACIONAL | N52: Resolved | O52: =MONTH(H52) -> 1 | P52: =IF(O52=1,"enero",IF(O52=2,"febrero",IF(O52=3,"marzo",IF(O52=4,"abril",IF(O52=5,"mayo",IF(O52=6,"junio",IF(O52=7,"julio",IF(O52=8,"agosto",IF(O52=9,"septiembre",IF(O52=10,"octubre",IF(O52=11,"noviembre",IF(O52=12,"diciembre","REVISAR")))))))))))) -> enero | Q52: =YEAR(H52) -> 2025 | R52: =CONCATENATE(P52,"-",Q52) -> enero-2025 | S52: =MONTH(I52) -> 2 | T52: =IF(S52=1,"enero",IF(S52=2,"febrero",IF(S52=3,"marzo",IF(S52=4,"abril",IF(S52=5,"mayo",IF(S52=6,"junio",IF(S52=7,"julio",IF(S52=8,"agosto",IF(S52=9,"septiembre",IF(S52=10,"octubre",IF(S52=11,"noviembre",IF(S52=12,"diciembre","REVISAR")))))))))))) -> febrero | U52: =YEAR(I52) -> 2025 | V52: =CONCATENATE(T52,"-",U52) -> febrero-2025 | W52: =IFERROR(_xlfn.DAYS('Jira BUGS'!I52,'Jira BUGS'!H52),0) -> 33 | X52: =VLOOKUP(D52,SLAs!A:B,2,0) -> 21 | Y52: =IF(N52>=X52,"NO CUMPLE","CUMPLE") -> NO CUMPLE
A53: ESPC360-13826 | B53: [CM] Modificacion horario jobs ADN360 | D53: Medium | E53: CERRADO ITSM | F53: 45701.303 | H53: 45630.571 | I53: 45701 | J53: 45656 | L53: 69 | M53: OPERACIONAL | N53: Resolved | O53: =MONTH(H53) -> 12 | P53: =IF(O53=1,"enero",IF(O53=2,"febrero",IF(O53=3,"marzo",IF(O53=4,"abril",IF(O53=5,"mayo",IF(O53=6,"junio",IF(O53=7,"julio",IF(O53=8,"agosto",IF(O53=9,"septiembre",IF(O53=10,"octubre",IF(O53=11,"noviembre",IF(O53=12,"diciembre","REVISAR")))))))))))) -> diciembre | Q53: =YEAR(H53) -> 2024 | R53: =CONCATENATE(P53,"-",Q53) -> diciembre-2024 | S53: =MONTH(I53) -> 2 | T53: =IF(S53=1,"enero",IF(S53=2,"febrero",IF(S53=3,"marzo",IF(S53=4,"abril",IF(S53=5,"mayo",IF(S53=6,"junio",IF(S53=7,"julio",IF(S53=8,"agosto",IF(S53=9,"septiembre",IF(S53=10,"octubre",IF(S53=11,"noviembre",IF(S53=12,"diciembre","REVISAR")))))))))))) -> febrero | U53: =YEAR(I53) -> 2025 | V53: =CONCATENATE(T53,"-",U53) -> febrero-2025 | W53: =IFERROR(_xlfn.DAYS('Jira BUGS'!I53,'Jira BUGS'!H53),0) -> 71 | X53: =VLOOKUP(D53,SLAs!A:B,2,0) -> 21 | Y53: =IF(N53>=X53,"NO CUMPLE","CUMPLE") -> NO CUMPLE
A54: ESPC360-14394 | B54: C360_Operacional_Sprint 193 | C54: ERNESTO Gimeno Valiente | D54: Medium | E54: CERRADO ITSM | F54: 45699.349 | H54: 45666.672 | I54: 45693 | J54: 45680 | K54: C360_Operacional_Sprint 193 | L54: 26 | M54: OPERACIONAL | N54: Resolved | O54: =MONTH(H54) -> 1 | P54: =IF(O54=1,"enero",IF(O54=2,"febrero",IF(O54=3,"marzo",IF(O54=4,"abril",IF(O54=5,"mayo",IF(O54=6,"junio",IF(O54=7,"julio",IF(O54=8,"agosto",IF(O54=9,"septiembre",IF(O54=10,"octubre",IF(O54=11,"noviembre",IF(O54=12,"diciembre","REVISAR")))))))))))) -> enero | Q54: =YEAR(H54) -> 2025 | R54: =CONCATENATE(P54,"-",Q54) -> enero-2025 | S54: =MONTH(I54) -> 2 | T54: =IF(S54=1,"enero",IF(S54=2,"febrero",IF(S54=3,"marzo",IF(S54=4,"abril",IF(S54=5,"mayo",IF(S54=6,"junio",IF(S54=7,"julio",IF(S54=8,"agosto",IF(S54=9,"septiembre",IF(S54=10,"octubre",IF(S54=11,"noviembre",IF(S54=12,"diciembre","REVISAR")))))))))))) -> febrero | U54: =YEAR(I54) -> 2025 | V54: =CONCATENATE(T54,"-",U54) -> febrero-2025 | W54: =IFERROR(_xlfn.DAYS('Jira BUGS'!I54,'Jira BUGS'!H54),0) -> 27 | X54: =VLOOKUP(D54,SLAs!A:B,2,0) -> 21 | Y54: =IF(N54>=X54,"NO CUMPLE","CUMPLE") -> NO CUMPLE
A55: ESPC360-14429 | B55: Sprint 189 - Databricks - Despliegue y activación con test-script de componentes batch (4/4) | C55: JOSE FELIZ HERNANDEZ | D55: Medium | E55: CERRADO ITSM | F55: 45699.349 | H55: 45670.433 | I55: 45686 | J55: 45670 | K55: Sprint 189 - Databricks - Despliegue y activación con test-script de componentes batch (4/4) | L55: 15 | M55: OPERACIONAL | N55: Resolved | O55: =MONTH(H55) -> 1 | P55: =IF(O55=1,"enero",IF(O55=2,"febrero",IF(O55=3,"marzo",IF(O55=4,"abril",IF(O55=5,"mayo",IF(O55=6,"junio",IF(O55=7,"julio",IF(O55=8,"agosto",IF(O55=9,"septiembre",IF(O55=10,"octubre",IF(O55=11,"noviembre",IF(O55=12,"diciembre","REVISAR")))))))))))) -> enero | Q55: =YEAR(H55) -> 2025 | R55: =CONCATENATE(P55,"-",Q55) -> enero-2025 | S55: =MONTH(I55) -> 1 | T55: =IF(S55=1,"enero",IF(S55=2,"febrero",IF(S55=3,"marzo",IF(S55=4,"abril",IF(S55=5,"mayo",IF(S55=6,"junio",IF(S55=7,"julio",IF(S55=8,"agosto",IF(S55=9,"septiembre",IF(S55=10,"octubre",IF(S55=11,"noviembre",IF(S55=12,"diciembre","REVISAR")))))))))))) -> enero | U55: =YEAR(I55) -> 2025 | V55: =CONCATENATE(T55,"-",U55) -> enero-2025 | W55: =IFERROR(_xlfn.DAYS('Jira BUGS'!I55,'Jira BUGS'!H55),0) -> 16 | X55: =VLOOKUP(D55,SLAs!A:B,2,0) -> 21 | Y55: =IF(N55>=X55,"NO CUMPLE","CUMPLE") -> NO CUMPLE
A56: ESPC360-14111 | B56: C360_Operacional_Sprint 192 | C56: ERNESTO Gimeno Valiente | D56: Medium | E56: CERRADO ITSM | F56: 45699.349 | H56: 45645.582 | I56: 45679 | J56: 45670 | K56: C360_Operacional_Sprint 192 | L56: 33 | M56: OPERACIONAL | N56: Resolved | O56: =MONTH(H56) -> 12 | P56: =IF(O56=1,"enero",IF(O56=2,"febrero",IF(O56=3,"marzo",IF(O56=4,"abril",IF(O56=5,"mayo",IF(O56=6,"junio",IF(O56=7,"julio",IF(O56=8,"agosto",IF(O56=9,"septiembre",IF(O56=10,"octubre",IF(O56=11,"noviembre",IF(O56=12,"diciembre","REVISAR")))))))))))) -> diciembre | Q56: =YEAR(H56) -> 2024 | R56: =CONCATENATE(P56,"-",Q56) -> diciembre-2024 | S56: =MONTH(I56) -> 1 | T56: =IF(S56=1,"enero",IF(S56=2,"febrero",IF(S56=3,"marzo",IF(S56=4,"abril",IF(S56=5,"mayo",IF(S56=6,"junio",IF(S56=7,"julio",IF(S56=8,"agosto",IF(S56=9,"septiembre",IF(S56=10,"octubre",IF(S56=11,"noviembre",IF(S56=12,"diciembre","REVISAR")))))))))))) -> enero | U56: =YEAR(I56) -> 2025 | V56: =CONCATENATE(T56,"-",U56) -> enero-2025 | W56: =IFERROR(_xlfn.DAYS('Jira BUGS'!I56,'Jira BUGS'!H56),0) -> 34 | X56: =VLOOKUP(D56,SLAs!A:B,2,0) -> 21 | Y56: =IF(N56>=X56,"NO CUMPLE","CUMPLE") -> NO CUMPLE
A57: ESPC360-11498 | B57: C360_Operacional_Sprint 183 - Movimientos Cuentas AVRO | C57: ERNESTO Gimeno Valiente | D57: Medium | E57: CERRADO ITSM | F57: 45699.349 | H57: 45552.397 | I57: 45674 | J57: 45552 | K57: C360_Operacional_Sprint 184 | L57: 121 | M57: OPERACIONAL | N57: Resolved | O57: =MONTH(H57) -> 9 | P57: =IF(O57=1,"enero",IF(O57=2,"febrero",IF(O57=3,"marzo",IF(O57=4,"abril",IF(O57=5,"mayo",IF(O57=6,"junio",IF(O57=7,"julio",IF(O57=8,"agosto",IF(O57=9,"septiembre",IF(O57=10,"octubre",IF(O57=11,"noviembre",IF(O57=12,"diciembre","REVISAR")))))))))))) -> septiembre | Q57: =YEAR(H57) -> 2024 | R57: =CONCATENATE(P57,"-",Q57) -> septiembre-2024 | S57: =MONTH(I57) -> 1 | T57: =IF(S57=1,"enero",IF(S57=2,"febrero",IF(S57=3,"marzo",IF(S57=4,"abril",IF(S57=5,"mayo",IF(S57=6,"junio",IF(S57=7,"julio",IF(S57=8,"agosto",IF(S57=9,"septiembre",IF(S57=10,"octubre",IF(S57=11,"noviembre",IF(S57=12,"diciembre","REVISAR")))))))))))) -> enero | U57: =YEAR(I57) -> 2025 | V57: =CONCATENATE(T57,"-",U57) -> enero-2025 | W57: =IFERROR(_xlfn.DAYS('Jira BUGS'!I57,'Jira BUGS'!H57),0) -> 122 | X57: =VLOOKUP(D57,SLAs!A:B,2,0) -> 21 | Y57: =IF(N57>=X57,"NO CUMPLE","CUMPLE") -> NO CUMPLE
A58: ESPC360-13855 | B58: C360_Operacional_Sprint 191 | C58: ERNESTO Gimeno Valiente | D58: Medium | E58: CERRADO ITSM | F58: 45699.349 | H58: 45631.682 | I58: 45674 | J58: 45646 | K58: C360_Operacional_Sprint 191 | L58: 42 | M58: OPERACIONAL | N58: Resolved | O58: =MONTH(H58) -> 12 | P58: =IF(O58=1,"enero",IF(O58=2,"febrero",IF(O58=3,"marzo",IF(O58=4,"abril",IF(O58=5,"mayo",IF(O58=6,"junio",IF(O58=7,"julio",IF(O58=8,"agosto",IF(O58=9,"septiembre",IF(O58=10,"octubre",IF(O58=11,"noviembre",IF(O58=12,"diciembre","REVISAR")))))))))))) -> diciembre | Q58: =YEAR(H58) -> 2024 | R58: =CONCATENATE(P58,"-",Q58) -> diciembre-2024 | S58: =MONTH(I58) -> 1 | T58: =IF(S58=1,"enero",IF(S58=2,"febrero",IF(S58=3,"marzo",IF(S58=4,"abril",IF(S58=5,"mayo",IF(S58=6,"junio",IF(S58=7,"julio",IF(S58=8,"agosto",IF(S58=9,"septiembre",IF(S58=10,"octubre",IF(S58=11,"noviembre",IF(S58=12,"diciembre","REVISAR")))))))))))) -> enero | U58: =YEAR(I58) -> 2025 | V58: =CONCATENATE(T58,"-",U58) -> enero-2025 | W58: =IFERROR(_xlfn.DAYS('Jira BUGS'!I58,'Jira BUGS'!H58),0) -> 43 | X58: =VLOOKUP(D58,SLAs!A:B,2,0) -> 21 | Y58: =IF(N58>=X58,"NO CUMPLE","CUMPLE") -> NO CUMPLE
A59: ESPC360-13475 | B59: C360_Operacional_Sprint 190 | C59: ERNESTO Gimeno Valiente | D59: Medium | E59: CERRADO ITSM | F59: 45702.431 | H59: 45617.576 | I59: 45674 | J59: 45636 | K59: C360_Operacional_Sprint 190 | L59: 56 | M59: OPERACIONAL | N59: Resolved | O59: =MONTH(H59) -> 11 | P59: =IF(O59=1,"enero",IF(O59=2,"febrero",IF(O59=3,"marzo",IF(O59=4,"abril",IF(O59=5,"mayo",IF(O59=6,"junio",IF(O59=7,"julio",IF(O59=8,"agosto",IF(O59=9,"septiembre",IF(O59=10,"octubre",IF(O59=11,"noviembre",IF(O59=12,"diciembre","REVISAR")))))))))))) -> noviembre | Q59: =YEAR(H59) -> 2024 | R59: =CONCATENATE(P59,"-",Q59) -> noviembre-2024 | S59: =MONTH(I59) -> 1 | T59: =IF(S59=1,"enero",IF(S59=2,"febrero",IF(S59=3,"marzo",IF(S59=4,"abril",IF(S59=5,"mayo",IF(S59=6,"junio",IF(S59=7,"julio",IF(S59=8,"agosto",IF(S59=9,"septiembre",IF(S59=10,"octubre",IF(S59=11,"noviembre",IF(S59=12,"diciembre","REVISAR")))))))))))) -> enero | U59: =YEAR(I59) -> 2025 | V59: =CONCATENATE(T59,"-",U59) -> enero-2025 | W59: =IFERROR(_xlfn.DAYS('Jira BUGS'!I59,'Jira BUGS'!H59),0) -> 57 | X59: =VLOOKUP(D59,SLAs!A:B,2,0) -> 21 | Y59: =IF(N59>=X59,"NO CUMPLE","CUMPLE") -> NO CUMPLE
A60: ESPC360-13290 | B60: Sprint 189 - Databricks - Despliegue y activación con test-script de componentes batch (3/4) | C60: ERNESTO Gimeno Valiente | D60: Medium | E60: CERRADO ITSM | F60: 45699.349 | H60: 45610.702 | I60: 45674 | J60: 45666 | K60: Sprint 189 - Databricks - Despliegue y activación con test-script de componentes batch (3/4) | L60: 63 | M60: OPERACIONAL | N60: Resolved | O60: =MONTH(H60) -> 11 | P60: =IF(O60=1,"enero",IF(O60=2,"febrero",IF(O60=3,"marzo",IF(O60=4,"abril",IF(O60=5,"mayo",IF(O60=6,"junio",IF(O60=7,"julio",IF(O60=8,"agosto",IF(O60=9,"septiembre",IF(O60=10,"octubre",IF(O60=11,"noviembre",IF(O60=12,"diciembre","REVISAR")))))))))))) -> noviembre | Q60: =YEAR(H60) -> 2024 | R60: =CONCATENATE(P60,"-",Q60) -> noviembre-2024 | S60: =MONTH(I60) -> 1 | T60: =IF(S60=1,"enero",IF(S60=2,"febrero",IF(S60=3,"marzo",IF(S60=4,"abril",IF(S60=5,"mayo",IF(S60=6,"junio",IF(S60=7,"julio",IF(S60=8,"agosto",IF(S60=9,"septiembre",IF(S60=10,"octubre",IF(S60=11,"noviembre",IF(S60=12,"diciembre","REVISAR")))))))))))) -> enero | U60: =YEAR(I60) -> 2025 | V60: =CONCATENATE(T60,"-",U60) -> enero-2025 | W60: =IFERROR(_xlfn.DAYS('Jira BUGS'!I60,'Jira BUGS'!H60),0) -> 64 | X60: =VLOOKUP(D60,SLAs!A:B,2,0) -> 21 | Y60: =IF(N60>=X60,"NO CUMPLE","CUMPLE") -> NO CUMPLE
A61: ESPC360-11178 | B61: [CM] Sprint 183 - update-contratos-planeta-seguros | C61: GONZALO GARCIA MORENO | D61: Medium | E61: CERRADO ITSM | F61: 45895.447 | H61: 45537.474 | I61: 45670 | J61: 45546 | K61: [CM] Sprint 183 - update-contratos-planeta-seguros | L61: 132 | M61: OPERACIONAL | N61: Resolved | O61: =MONTH(H61) -> 9 | P61: =IF(O61=1,"enero",IF(O61=2,"febrero",IF(O61=3,"marzo",IF(O61=4,"abril",IF(O61=5,"mayo",IF(O61=6,"junio",IF(O61=7,"julio",IF(O61=8,"agosto",IF(O61=9,"septiembre",IF(O61=10,"octubre",IF(O61=11,"noviembre",IF(O61=12,"diciembre","REVISAR")))))))))))) -> septiembre | Q61: =YEAR(H61) -> 2024 | R61: =CONCATENATE(P61,"-",Q61) -> septiembre-2024 | S61: =MONTH(I61) -> 1 | T61: =IF(S61=1,"enero",IF(S61=2,"febrero",IF(S61=3,"marzo",IF(S61=4,"abril",IF(S61=5,"mayo",IF(S61=6,"junio",IF(S61=7,"julio",IF(S61=8,"agosto",IF(S61=9,"septiembre",IF(S61=10,"octubre",IF(S61=11,"noviembre",IF(S61=12,"diciembre","REVISAR")))))))))))) -> enero | U61: =YEAR(I61) -> 2025 | V61: =CONCATENATE(T61,"-",U61) -> enero-2025 | W61: =IFERROR(_xlfn.DAYS('Jira BUGS'!I61,'Jira BUGS'!H61),0) -> 133 | X61: =VLOOKUP(D61,SLAs!A:B,2,0) -> 21 | Y61: =IF(N61>=X61,"NO CUMPLE","CUMPLE") -> NO CUMPLE
A62: ESPC360-12718 | B62: [CM ] Sprint 187 - categorizacion movimientos cuentas ATLAS (gs) y OnPremise | D62: Medium | E62: CERRADO ITSM | F62: 45699.724 | H62: 45590.489 | I62: 45664 | L62: 73 | M62: OPERACIONAL | N62: Resolved | O62: =MONTH(H62) -> 10 | P62: =IF(O62=1,"enero",IF(O62=2,"febrero",IF(O62=3,"marzo",IF(O62=4,"abril",IF(O62=5,"mayo",IF(O62=6,"junio",IF(O62=7,"julio",IF(O62=8,"agosto",IF(O62=9,"septiembre",IF(O62=10,"octubre",IF(O62=11,"noviembre",IF(O62=12,"diciembre","REVISAR")))))))))))) -> octubre | Q62: =YEAR(H62) -> 2024 | R62: =CONCATENATE(P62,"-",Q62) -> octubre-2024 | S62: =MONTH(I62) -> 1 | T62: =IF(S62=1,"enero",IF(S62=2,"febrero",IF(S62=3,"marzo",IF(S62=4,"abril",IF(S62=5,"mayo",IF(S62=6,"junio",IF(S62=7,"julio",IF(S62=8,"agosto",IF(S62=9,"septiembre",IF(S62=10,"octubre",IF(S62=11,"noviembre",IF(S62=12,"diciembre","REVISAR")))))))))))) -> enero | U62: =YEAR(I62) -> 2025 | V62: =CONCATENATE(T62,"-",U62) -> enero-2025 | W62: =IFERROR(_xlfn.DAYS('Jira BUGS'!I62,'Jira BUGS'!H62),0) -> 74 | X62: =VLOOKUP(D62,SLAs!A:B,2,0) -> 21 | Y62: =IF(N62>=X62,"NO CUMPLE","CUMPLE") -> NO CUMPLE

Sheet Datos Gráficos BUGs
A1: BUGS POR FECHA DE CREACIÓN
A3: Etiquetas de fila | B3: Cuenta de Release | C3: Promedio de Días Resolucion | K3: SLAs
A4: septiembre-2024 | B4: 2 | C4: 127.5
A5: octubre-2024 | B5: 1 | C5: 74
A6: noviembre-2024 | B6: 3 | C6: 70.666667
A7: diciembre-2024 | B7: 3 | C7: 49.333333
A8: enero-2025 | B8: 4 | C8: 26
A9: febrero-2025 | B9: 10 | C9: 22.7
A10: (en blanco)
A11: marzo-2025 | B11: 6 | C11: 19.166667
A12: Total general | B12: 29 | C12: 39.137931
A23: BUGS POR FECHA DE RESOLUCIÓN
A25: Etiquetas de fila | B25: Cuenta de Bugs
A26: enero-2025 | B26: 8
A27: febrero-2025 | B27: 7
A28: Total general | B28: 15
A44: BUGS CANCELADOS POR FECHA DE CREACIÓN
A48: Etiquetas de fila | B48: Cuenta de Bugs
A49: diciembre-2024 | B49: 3
A50: febrero-2025 | B50: 10
A51: noviembre-2024 | B51: 3
A52: octubre-2024 | B52: 1
A53: septiembre-2024 | B53: 2
A54: (en blanco)
A55: enero-2025 | B55: 4
A56: marzo-2025 | B56: 6
A57: Total general | B57: 29
A63: ENTRADAS Y SALIDAS DE BUGS
A67: Mes | B67: Bugs Abiertos | C67: Bugs Cerrados
A68: enero-2025 | B68: =COUNTIFS('Jira BUGS'!R:R,Tabla2[[#This Row],[Mes]]) -> 4 | C68: =COUNTIFS('Jira BUGS'!V:V,Tabla2[[#This Row],[Mes]]) -> 8
A69: febrero-2025 | B69: =COUNTIFS('Jira BUGS'!R:R,Tabla2[[#This Row],[Mes]]) -> 10 | C69: =COUNTIFS('Jira BUGS'!V:V,Tabla2[[#This Row],[Mes]]) -> 7
A70: marzo-2025 | B70: =COUNTIFS('Jira BUGS'!R:R,Tabla2[[#This Row],[Mes]]) -> 10 | C70: =COUNTIFS('Jira BUGS'!V:V,Tabla2[[#This Row],[Mes]]) -> 10
A71: abril-2025 | B71: =COUNTIFS('Jira BUGS'!R:R,Tabla2[[#This Row],[Mes]]) -> 7 | C71: =COUNTIFS('Jira BUGS'!V:V,Tabla2[[#This Row],[Mes]]) -> 5
A72: mayo-2025 | B72: =COUNTIFS('Jira BUGS'!R:R,Tabla2[[#This Row],[Mes]]) -> 3 | C72: =COUNTIFS('Jira BUGS'!V:V,Tabla2[[#This Row],[Mes]]) -> 7
A73: junio-2025 | B73: =COUNTIFS('Jira BUGS'!R:R,Tabla2[[#This Row],[Mes]]) -> 3 | C73: =COUNTIFS('Jira BUGS'!V:V,Tabla2[[#This Row],[Mes]]) -> 6
A74: julio-2025 | B74: =COUNTIFS('Jira BUGS'!R:R,Tabla2[[#This Row],[Mes]]) -> 6 | C74: =COUNTIFS('Jira BUGS'!V:V,Tabla2[[#This Row],[Mes]]) -> 6
A75: agosto-2025 | B75: =COUNTIFS('Jira BUGS'!R:R,Tabla2[[#This Row],[Mes]]) -> 4 | C75: =COUNTIFS('Jira BUGS'!V:V,Tabla2[[#This Row],[Mes]]) -> 3
A76: septiembre-2025 | B76: =COUNTIFS('Jira BUGS'!R:R,Tabla2[[#This Row],[Mes]]) -> 3 | C76: =COUNTIFS('Jira BUGS'!V:V,Tabla2[[#This Row],[Mes]]) -> 5
A77: octubre-2025 | B77: =COUNTIFS('Jira BUGS'!R:R,Tabla2[[#This Row],[Mes]]) -> 2 | C77: =COUNTIFS('Jira BUGS'!V:V,Tabla2[[#This Row],[Mes]]) -> 4
A78: noviembre-2025 | B78: =COUNTIFS('Jira BUGS'!R:R,Tabla2[[#This Row],[Mes]]) -> 0 | C78: =COUNTIFS('Jira BUGS'!V:V,Tabla2[[#This Row],[Mes]]) -> 0
A79: diciembre-2025 | B79: =COUNTIFS('Jira BUGS'!R:R,Tabla2[[#This Row],[Mes]]) -> 0 | C79: =COUNTIFS('Jira BUGS'!V:V,Tabla2[[#This Row],[Mes]]) -> 0
B80: =SUBTOTAL(109,Tabla2[Bugs Abiertos]) -> 52 | C80: =SUBTOTAL(109,Tabla2[Bugs Cerrados]) -> 61
A89: BUGS ABIERTOS
A93: Key
A94: (en blanco)
A95: ESPC360-11178
A96: ESPC360-11498
A97: ESPC360-12718
A98: ESPC360-13290
A99: ESPC360-13475
A100: ESPC360-13826
A101: ESPC360-13855
A102: ESPC360-14111
A103: ESPC360-14394
... A126: BUGS POR ORIGEN DE LA INCIDENCIA
A130: Etiquetas de fila | B130: Cuenta de Key
A131: febrero-2025 | B131: 10
A132: septiembre-2024 | B132: 2
A133: octubre-2024 | B133: 1
A134: noviembre-2024 | B134: 3
A135: (en blanco)
A136: diciembre-2024 | B136: 3
A137: enero-2025 | B137: 4
A138: marzo-2025 | B138: 6
A139: Total general | B139: 29
A143: BUGS RESUELTOS POR EQUIPO DE DESARROLLO
A146: Etiquetas de fila | B146: Cuenta de Key
A147: septiembre-2024 | B147: 2
A148: octubre-2024 | B148: 1
A149: noviembre-2024 | B149: 3
A150: diciembre-2024 | B150: 3
A151: (en blanco)
A152: enero-2025 | B152: 4
A153: febrero-2025 | B153: 10
A154: marzo-2025 | B154: 6
A155: Total general | B155: 29
A163: BUGS POR COMPONENTE
A165: Fecha creación | B165: (Todas)
A189: Dias que llevan abiertos los bugs en curso por criticidad
A193: Promedio de Dias abiertos
A194: 34.862069
A197: % Bugs cerrados que cumplen SLAs según Prioridad
A201: Etiquetas de fila | B201: Cuenta de Cumple SLA | G201: 2025
A202: 21 | B202: 58 | F202: Prioridad | G202: CUMPLE | H202: NO CUMPLE
A203: (en blanco) | F203: Highest | G203: =COUNTIFS('Jira BUGS'!J:J,F203,'Jira BUGS'!Y:Y,G202,'Jira BUGS'!K:K,"CERRADO",'Jira BUGS'!U:U,G201)/GETPIVOTDATA("Cumple SLA",$A$201,"Priority","Highest") -> #REF! | H203: =COUNTIFS('Jira BUGS'!J:J,F203,'Jira BUGS'!Y:Y,H202,'Jira BUGS'!K:K,"CERRADO",'Jira BUGS'!U:U,G201)/GETPIVOTDATA("Cumple SLA",$A$201,"Priority","Highest") -> #REF!
A204: Total general | B204: 58 | F204: High | G204: =COUNTIFS('Jira BUGS'!J:J,F204,'Jira BUGS'!Y:Y,G202,'Jira BUGS'!K:K,"CERRADO",'Jira BUGS'!U:U,G201)/GETPIVOTDATA("Cumple SLA",$A$201,"Priority","High") -> #REF! | H204: =COUNTIFS('Jira BUGS'!J:J,F204,'Jira BUGS'!Y:Y,H202,'Jira BUGS'!K:K,"CERRADO",'Jira BUGS'!U:U,G201)/GETPIVOTDATA("Cumple SLA",$A$201,"Priority","High") -> #REF!
F205: Medium | G205: =COUNTIFS('Jira BUGS'!J:J,F205,'Jira BUGS'!Y:Y,G202,'Jira BUGS'!K:K,"CERRADO",'Jira BUGS'!U:U,G201)/GETPIVOTDATA("Cumple SLA",$A$201,"Priority","Medium") -> #REF! | H205: =COUNTIFS('Jira BUGS'!J:J,F205,'Jira BUGS'!Y:Y,H202,'Jira BUGS'!K:K,"CERRADO",'Jira BUGS'!U:U,G201)/GETPIVOTDATA("Cumple SLA",$A$201,"Priority","Medium") -> #REF!
A210: Tiempos medios de resolución de Bugs por criticidad cerrados por mes
E211: Nº Bugs resueltos
A212: Fecha resolución | B212: Highest | C212: High | D212: Medium | E212: Media | F212: High | G212: Medium
A213: enero-2025 | B213: =IFERROR(SUMIFS('Jira BUGS'!L:L,'Jira BUGS'!V:V,A213,'Jira BUGS'!D:D,B$212)/E213,0) -> 0 | C213: =IFERROR(SUMIFS('Jira BUGS'!L:L,'Jira BUGS'!V:V,A213,'Jira BUGS'!J:J,C$212)/F213,0) -> 0 | D213: =IFERROR(SUMIFS('Jira BUGS'!W:W,'Jira BUGS'!V:V,A213,'Jira BUGS'!D:D,D$212)/G213,0) -> 67.875 | E213: 30 | F213: 20 | G213: =COUNTIFS('Jira BUGS'!V:V,A213,'Jira BUGS'!D:D,G$212) -> 8
A214: febrero-2025 | B214: =IFERROR(SUMIFS('Jira BUGS'!L:L,'Jira BUGS'!V:V,A214,'Jira BUGS'!D:D,B$212)/E214,0) -> 0 | C214: =IFERROR(SUMIFS('Jira BUGS'!L:L,'Jira BUGS'!V:V,A214,'Jira BUGS'!J:J,C$212)/F214,0) -> 0 | D214: =IFERROR(SUMIFS('Jira BUGS'!W:W,'Jira BUGS'!V:V,A214,'Jira BUGS'!D:D,D$212)/G214,0) -> 39.571429 | E214: 30 | F214: 20 | G214: =COUNTIFS('Jira BUGS'!V:V,A214,'Jira BUGS'!D:D,G$212) -> 7
A215: marzo-2025 | B215: =IFERROR(SUMIFS('Jira BUGS'!L:L,'Jira BUGS'!V:V,A215,'Jira BUGS'!D:D,B$212)/E215,0) -> 0 | C215: =IFERROR(SUMIFS('Jira BUGS'!L:L,'Jira BUGS'!V:V,A215,'Jira BUGS'!J:J,C$212)/F215,0) -> 0 | D215: =IFERROR(SUMIFS('Jira BUGS'!W:W,'Jira BUGS'!V:V,A215,'Jira BUGS'!D:D,D$212)/G215,0) -> 19.2 | E215: 30 | F215: 20 | G215: =COUNTIFS('Jira BUGS'!V:V,A215,'Jira BUGS'!D:D,G$212) -> 10
A216: abril-2025 | B216: =IFERROR(SUMIFS('Jira BUGS'!L:L,'Jira BUGS'!V:V,A216,'Jira BUGS'!D:D,B$212)/E216,0) -> 0 | C216: =IFERROR(SUMIFS('Jira BUGS'!L:L,'Jira BUGS'!V:V,A216,'Jira BUGS'!J:J,C$212)/F216,0) -> 0 | D216: =IFERROR(SUMIFS('Jira BUGS'!W:W,'Jira BUGS'!V:V,A216,'Jira BUGS'!D:D,D$212)/G216,0) -> 33.2 | E216: 30 | F216: 20 | G216: =COUNTIFS('Jira BUGS'!V:V,A216,'Jira BUGS'!D:D,G$212) -> 5
A217: mayo-2025 | B217: =IFERROR(SUMIFS('Jira BUGS'!L:L,'Jira BUGS'!V:V,A217,'Jira BUGS'!D:D,B$212)/E217,0) -> 0 | C217: =IFERROR(SUMIFS('Jira BUGS'!L:L,'Jira BUGS'!V:V,A217,'Jira BUGS'!J:J,C$212)/F217,0) -> 0 | D217: =IFERROR(SUMIFS('Jira BUGS'!W:W,'Jira BUGS'!V:V,A217,'Jira BUGS'!D:D,D$212)/G217,0) -> 39.428571 | E217: 30 | F217: 20 | G217: =COUNTIFS('Jira BUGS'!V:V,A217,'Jira BUGS'!D:D,G$212) -> 7
A218: junio-2025 | B218: =IFERROR(SUMIFS('Jira BUGS'!L:L,'Jira BUGS'!V:V,A218,'Jira BUGS'!D:D,B$212)/E218,0) -> 0 | C218: =IFERROR(SUMIFS('Jira BUGS'!L:L,'Jira BUGS'!V:V,A218,'Jira BUGS'!J:J,C$212)/F218,0) -> 0 | D218: =IFERROR(SUMIFS('Jira BUGS'!W:W,'Jira BUGS'!V:V,A218,'Jira BUGS'!D:D,D$212)/G218,0) -> 40 | E218: 30 | F218: 20 | G218: =COUNTIFS('Jira BUGS'!V:V,A218,'Jira BUGS'!D:D,G$212) -> 6
A219: julio-2025 | B219: =IFERROR(SUMIFS('Jira BUGS'!L:L,'Jira BUGS'!V:V,A219,'Jira BUGS'!D:D,B$212)/E219,0) -> 0 | C219: =IFERROR(SUMIFS('Jira BUGS'!L:L,'Jira BUGS'!V:V,A219,'Jira BUGS'!J:J,C$212)/F219,0) -> 0 | D219: =IFERROR(SUMIFS('Jira BUGS'!W:W,'Jira BUGS'!V:V,A219,'Jira BUGS'!D:D,D$212)/G219,0) -> 16.666667 | E219: 30 | F219: 20 | G219: =COUNTIFS('Jira BUGS'!V:V,A219,'Jira BUGS'!D:D,G$212) -> 6
A220: agosto-2025 | B220: =IFERROR(SUMIFS('Jira BUGS'!L:L,'Jira BUGS'!V:V,A220,'Jira BUGS'!D:D,B$212)/E220,0) -> 0 | C220: =IFERROR(SUMIFS('Jira BUGS'!L:L,'Jira BUGS'!V:V,A220,'Jira BUGS'!J:J,C$212)/F220,0) -> 0 | D220: =IFERROR(SUMIFS('Jira BUGS'!W:W,'Jira BUGS'!V:V,A220,'Jira BUGS'!D:D,D$212)/G220,0) -> 20 | E220: 30 | F220: 20 | G220: =COUNTIFS('Jira BUGS'!V:V,A220,'Jira BUGS'!D:D,G$212) -> 3
A221: septiembre-2025 | B221: =IFERROR(SUMIFS('Jira BUGS'!L:L,'Jira BUGS'!V:V,A221,'Jira BUGS'!D:D,B$212)/E221,0) -> 0 | C221: =IFERROR(SUMIFS('Jira BUGS'!L:L,'Jira BUGS'!V:V,A221,'Jira BUGS'!J:J,C$212)/F221,0) -> 0 | D221: =IFERROR(SUMIFS('Jira BUGS'!W:W,'Jira BUGS'!V:V,A221,'Jira BUGS'!D:D,D$212)/G221,0) -> 28 | E221: 30 | F221: 20 | G221: =COUNTIFS('Jira BUGS'!V:V,A221,'Jira BUGS'!D:D,G$212) -> 5
A222: octubre-2025 | B222: =IFERROR(SUMIFS('Jira BUGS'!L:L,'Jira BUGS'!V:V,A222,'Jira BUGS'!D:D,B$212)/E222,0) -> 0 | C222: =IFERROR(SUMIFS('Jira BUGS'!L:L,'Jira BUGS'!V:V,A222,'Jira BUGS'!J:J,C$212)/F222,0) -> 0 | D222: =IFERROR(SUMIFS('Jira BUGS'!W:W,'Jira BUGS'!V:V,A222,'Jira BUGS'!D:D,D$212)/G222,0) -> 25.25 | E222: 30 | F222: 20 | G222: =COUNTIFS('Jira BUGS'!V:V,A222,'Jira BUGS'!D:D,G$212) -> 4
...

Sheet SLAs
A1: Prioridad | B1: SLA (días)
A2: Highest | B2: 7
A3: High | B3: 14
A4: Medium | B4: 21

Sheet Cálculos
A1: issue | B1: Días Resolucion | C1: Mes bug creado | D1: Mes bug resolucion | E1: Prioridad | F1: Componente | G1: Origen Bug | H1: Columna1 | J1: Mes creación | K1: total | P1: Componentes quitando duplicados | Q1: conteo
A2: ='Jira BUGS'!A2 -> ESPC360-21480 | B2: =IFERROR(NETWORKDAYS('Jira BUGS'!D2,'Jira BUGS'!E2),0) -> 0 | C2: ='Jira BUGS'!O2 -> 10 | D2: ='Jira BUGS'!S2 -> 10 | E2: ='Jira BUGS'!J2 -> 45946 | F2: ='Jira BUGS'!C2 -> ERNESTO Gimeno Valiente | G2: ='Jira BUGS'!G2 | J2: {=_xlfn.UNIQUE($C$2:$C$122)} -> 10 | K2: =COUNTIF($C$2:$C$1030,$J2) -> 3 | P2: {=_xlfn.UNIQUE(F2:F1030)} -> ERNESTO Gimeno Valiente | Q2: =COUNTIF($F$2:$F$1030,$P2) -> 35
A3: ='Jira BUGS'!A3 -> ESPC360-21196 | B3: =IFERROR(NETWORKDAYS('Jira BUGS'!D3,'Jira BUGS'!E3),0) -> 0 | C3: ='Jira BUGS'!O3 -> 10 | D3: ='Jira BUGS'!S3 -> 10 | E3: ='Jira BUGS'!J3 -> 45950 | F3: ='Jira BUGS'!C3 | G3: ='Jira BUGS'!G3 | J3: 9 | K3: =COUNTIF($C$2:$C$1030,$J3) -> 5 | Q3: =COUNTIF($F$2:$F$1030,$P3) -> 914
A4: ='Jira BUGS'!A4 -> ESPC360-20940 | B4: =IFERROR(NETWORKDAYS('Jira BUGS'!D4,'Jira BUGS'!E4),0) -> 0 | C4: ='Jira BUGS'!O4 -> 9 | D4: ='Jira BUGS'!S4 -> 10 | E4: ='Jira BUGS'!J4 -> 45951 | F4: ='Jira BUGS'!C4 -> ERNESTO Gimeno Valiente | G4: ='Jira BUGS'!G4 | J4: 8 | K4: =COUNTIF($C$2:$C$1030,$J4) -> 4 | P4: GONZALO GARCIA MORENO | Q4: =COUNTIF($F$2:$F$1030,$P4) -> 2
A5: ='Jira BUGS'!A5 -> ESPC360-20658 | B5: =IFERROR(NETWORKDAYS('Jira BUGS'!D5,'Jira BUGS'!E5),0) -> 0 | C5: ='Jira BUGS'!O5 -> 9 | D5: ='Jira BUGS'!S5 -> 10 | E5: ='Jira BUGS'!J5 -> 45918 | F5: ='Jira BUGS'!C5 -> ERNESTO Gimeno Valiente | G5: ='Jira BUGS'!G5 | J5: 7 | K5: =COUNTIF($C$2:$C$1030,$J5) -> 6 | P5: BORJA CORTIJO LAJARA | Q5: =COUNTIF($F$2:$F$1030,$P5) -> 3
A6: ='Jira BUGS'!A6 -> ESPC360-20902 | B6: =IFERROR(NETWORKDAYS('Jira BUGS'!D6,'Jira BUGS'!E6),0) -> 0 | C6: ='Jira BUGS'!O6 -> 9 | D6: ='Jira BUGS'!S6 -> 9 | E6: ='Jira BUGS'!J6 -> 45917 | F6: ='Jira BUGS'!C6 -> ERNESTO Gimeno Valiente | G6: ='Jira BUGS'!G6 | J6: 6 | K6: =COUNTIF($C$2:$C$1030,$J6) -> 3 | P6: Andrei Brinza | Q6: =COUNTIF($F$2:$F$1030,$P6) -> 3
A7: ='Jira BUGS'!A7 -> ESPC360-20479 | B7: =IFERROR(NETWORKDAYS('Jira BUGS'!D7,'Jira BUGS'!E7),0) -> 0 | C7: ='Jira BUGS'!O7 -> 8 | D7: ='Jira BUGS'!S7 -> 9 | E7: ='Jira BUGS'!J7 -> 45912 | F7: ='Jira BUGS'!C7 -> ERNESTO Gimeno Valiente | G7: ='Jira BUGS'!G7 | J7: 5 | K7: =COUNTIF($C$2:$C$1030,$J7) -> 3 | P7: ERIC REVELLES SEGALES | Q7: =COUNTIF($F$2:$F$1030,$P7) -> 1
A8: ='Jira BUGS'!A8 -> ESPC360-20508 | B8: =IFERROR(NETWORKDAYS('Jira BUGS'!D8,'Jira BUGS'!E8),0) -> 0 | C8: ='Jira BUGS'!O8 -> 8 | D8: ='Jira BUGS'!S8 -> 9 | E8: ='Jira BUGS'!J8 -> 45901 | F8: ='Jira BUGS'!C8 -> GONZALO GARCIA MORENO | G8: ='Jira BUGS'!G8 | J8: 4 | K8: =COUNTIF($C$2:$C$1030,$J8) -> 7 | P8: JOSE FELIZ HERNANDEZ | Q8: =COUNTIF($F$2:$F$1030,$P8) -> 2
A9: ='Jira BUGS'!A9 -> ESPC360-19953 | B9: =IFERROR(NETWORKDAYS('Jira BUGS'!D9,'Jira BUGS'!E9),0) -> 0 | C9: ='Jira BUGS'!O9 -> 7 | D9: ='Jira BUGS'!S9 -> 9 | E9: ='Jira BUGS'!J9 -> 45862 | F9: ='Jira BUGS'!C9 -> BORJA CORTIJO LAJARA | G9: ='Jira BUGS'!G9 | J9: 3 | K9: =COUNTIF($C$2:$C$1030,$J9) -> 10 | P9: CARLOS Camacho Menchero | Q9: =COUNTIF($F$2:$F$1030,$P9) -> 8
A10: ='Jira BUGS'!A10 -> ESPC360-20269 | B10: =IFERROR(NETWORKDAYS('Jira BUGS'!D10,'Jira BUGS'!E10),0) -> 0 | C10: ='Jira BUGS'!O10 -> 8 | D10: ='Jira BUGS'!S10 -> 9 | E10: ='Jira BUGS'!J10 -> 45897 | F10: ='Jira BUGS'!C10 -> ERNESTO Gimeno Valiente | G10: ='Jira BUGS'!G10 | J10: 2 | K10: =COUNTIF($C$2:$C$1030,$J10) -> 10 | P10: Arturo Ruiz Simon | Q10: =COUNTIF($F$2:$F$1030,$P10) -> 1
A11: ='Jira BUGS'!A11 -> ESPC360-19956 | B11: =IFERROR(NETWORKDAYS('Jira BUGS'!D11,'Jira BUGS'!E11),0) -> 0 | C11: ='Jira BUGS'!O11 -> 7 | D11: ='Jira BUGS'!S11 -> 8 | E11: ='Jira BUGS'!J11 -> 45877 | F11: ='Jira BUGS'!C11 -> ERNESTO Gimeno Valiente | G11: ='Jira BUGS'!G11 | J11: 11 | K11: =COUNTIF($C$2:$C$1030,$J11) -> 3 | P11: 0 | Q11: =COUNTIF($F$2:$F$1030,$P11) -> 60
A12: ='Jira BUGS'!A12 -> ESPC360-20264 | B12: =IFERROR(NETWORKDAYS('Jira BUGS'!D12,'Jira BUGS'!E12),0) -> 0 | C12: ='Jira BUGS'!O12 -> 8 | D12: ='Jira BUGS'!S12 -> 8 | E12: ='Jira BUGS'!J12 -> 45876 | F12: ='Jira BUGS'!C12 -> ERNESTO Gimeno Valiente | G12: ='Jira BUGS'!G12 | J12: 1 | K12: =COUNTIF($C$2:$C$1030,$J12) -> 4 | P12: 0 | Q12: =COUNTIF($F$2:$F$1030,$P12) -> 60
A13: ='Jira BUGS'!A13 -> ESPC360-19693 | B13: =IFERROR(NETWORKDAYS('Jira BUGS'!D13,'Jira BUGS'!E13),0) -> 0 | C13: ='Jira BUGS'!O13 -> 7 | D13: ='Jira BUGS'!S13 -> 8 | E13: ='Jira BUGS'!J13 -> 45869 | F13: ='Jira BUGS'!C13 | G13: ='Jira BUGS'!G13 | J13: 12 | Q13: =COUNTIF($F$2:$F$1030,$P13) -> 60
A14: ='Jira BUGS'!A14 -> ESPC360-19944 | B14: =IFERROR(NETWORKDAYS('Jira BUGS'!D14,'Jira BUGS'!E14),0) -> 0 | C14: ='Jira BUGS'!O14 -> 7 | D14: ='Jira BUGS'!S14 -> 7 | E14: ='Jira BUGS'!J14 -> 45862 | F14: ='Jira BUGS'!C14 -> ERNESTO Gimeno Valiente | G14: ='Jira BUGS'!G14 | J14: 0 | Q14: =COUNTIF($F$2:$F$1030,$P14) -> 60
A15: ='Jira BUGS'!A15 -> ESPC360-19826 | B15: =IFERROR(NETWORKDAYS('Jira BUGS'!D15,'Jira BUGS'!E15),0) -> 0 | C15: ='Jira BUGS'!O15 -> 7 | D15: ='Jira BUGS'!S15 -> 7 | E15: ='Jira BUGS'!J15 -> 45861 | F15: ='Jira BUGS'!C15 -> ERNESTO Gimeno Valiente | G15: ='Jira BUGS'!G15 | Q15: =COUNTIF($F$2:$F$1030,$P15) -> 60
A16: ='Jira BUGS'!A16 -> ESPC360-19407 | B16: =IFERROR(NETWORKDAYS('Jira BUGS'!D16,'Jira BUGS'!E16),0) -> 0 | C16: ='Jira BUGS'!O16 -> 6 | D16: ='Jira BUGS'!S16 -> 7 | E16: ='Jira BUGS'!J16 -> 45855 | F16: ='Jira BUGS'!C16 -> ERNESTO Gimeno Valiente | G16: ='Jira BUGS'!G16 | J16: Media dias resolucion | K16: =ROUND(AVERAGE(B2:B1030),0) -> 0 | Q16: =COUNTIF($F$2:$F$1030,$P16) -> 60
A17: ='Jira BUGS'!A17 -> ESPC360-19755 | B17: =IFERROR(NETWORKDAYS('Jira BUGS'!D17,'Jira BUGS'!E17),0) -> 0 | C17: ='Jira BUGS'!O17 -> 7 | D17: ='Jira BUGS'!S17 -> 7 | E17: ='Jira BUGS'!J17 -> 45849 | F17: ='Jira BUGS'!C17 -> Andrei Brinza | G17: ='Jira BUGS'!G17 | Q17: =COUNTIF($F$2:$F$1030,$P17) -> 60
A18: ='Jira BUGS'!A18 -> ESPC360-19490 | B18: =IFERROR(NETWORKDAYS('Jira BUGS'!D18,'Jira BUGS'!E18),0) -> 0 | C18: ='Jira BUGS'!O18 -> 6 | D18: ='Jira BUGS'!S18 -> 7 | E18: ='Jira BUGS'!J18 -> 45835 | F18: ='Jira BUGS'!C18 -> ERNESTO Gimeno Valiente | G18: ='Jira BUGS'!G18 | Q18: =COUNTIF($F$2:$F$1030,$P18) -> 60
A19: ='Jira BUGS'!A19 -> ESPC360-19162 | B19: =IFERROR(NETWORKDAYS('Jira BUGS'!D19,'Jira BUGS'!E19),0) -> 0 | C19: ='Jira BUGS'!O19 -> 6 | D19: ='Jira BUGS'!S19 -> 7 | E19: ='Jira BUGS'!J19 -> 45835 | F19: ='Jira BUGS'!C19 -> ERNESTO Gimeno Valiente | G19: ='Jira BUGS'!G19 | J19: Media dias resolucion mes | Q19: =COUNTIF($F$2:$F$1030,$P19) -> 60
A20: ='Jira BUGS'!A20 -> ESPC360-18907 | B20: =IFERROR(NETWORKDAYS('Jira BUGS'!D20,'Jira BUGS'!E20),0) -> 0 | C20: ='Jira BUGS'!O20 -> 5 | D20: ='Jira BUGS'!S20 -> 6 | E20: ='Jira BUGS'!J20 -> 45821 | F20: ='Jira BUGS'!C20 -> ERNESTO Gimeno Valiente | G20: ='Jira BUGS'!G20 | J20: Mes | K20: total apariciones | L20: suma apariciones | M20: media mensual | Q20: =COUNTIF($F$2:$F$1030,$P20) -> 60
A21: ='Jira BUGS'!A21 -> ESPC360-18427 | B21: =IFERROR(NETWORKDAYS('Jira BUGS'!D21,'Jira BUGS'!E21),0) -> 0 | C21: ='Jira BUGS'!O21 -> 5 | D21: ='Jira BUGS'!S21 -> 6 | E21: ='Jira BUGS'!J21 -> 45813 | F21: ='Jira BUGS'!C21 -> ERNESTO Gimeno Valiente | G21: ='Jira BUGS'!G21 | J21: {=_xlfn.UNIQUE($D$2:$D$122)} -> 10 | K21: =COUNTIF($D$2:$D$5030,$J21) -> 4 | L21: =SUMIF($D$2:$D$5030,$J21,$B$2:$B$5030) -> 0 | M21: =ROUND(L21/K21,0) -> 0 | Q21: =COUNTIF($F$2:$F$1030,$P21) -> 60
A22: ='Jira BUGS'!A22 -> ESPC360-18426 | B22: =IFERROR(NETWORKDAYS('Jira BUGS'!D22,'Jira BUGS'!E22),0) -> 0 | C22: ='Jira BUGS'!O22 -> 5 | D22: ='Jira BUGS'!S22 -> 6 | E22: ='Jira BUGS'!J22 | F22: ='Jira BUGS'!C22 -> ERNESTO Gimeno Valiente | G22: ='Jira BUGS'!G22 | J22: 9 | K22: =COUNTIF($D$2:$D$5030,$J22) -> 5 | L22: =SUMIF($D$2:$D$5030,$J22,$B$2:$B$5030) -> 0 | M22: =ROUND(L22/K22,0) -> 0 | Q22: =COUNTIF($F$2:$F$1030,$P22) -> 60
A23: ='Jira BUGS'!A23 -> ESPC360-18050 | B23: =IFERROR(NETWORKDAYS('Jira BUGS'!D23,'Jira BUGS'!E23),0) -> 0 | C23: ='Jira BUGS'!O23 -> 4 | D23: ='Jira BUGS'!S23 -> 6 | E23: ='Jira BUGS'!J23 | F23: ='Jira BUGS'!C23 | G23: ='Jira BUGS'!G23 | J23: 8 | K23: =COUNTIF($D$2:$D$5030,$J23) -> 3 | L23: =SUMIF($D$2:$D$5030,$J23,$B$2:$B$5030) -> 0 | M23: =ROUND(L23/K23,0) -> 0 | Q23: =COUNTIF($F$2:$F$1030,$P23) -> 60
A24: ='Jira BUGS'!A24 -> ESPC360-17357 | B24: =IFERROR(NETWORKDAYS('Jira BUGS'!D24,'Jira BUGS'!E24),0) -> 0 | C24: ='Jira BUGS'!O24 -> 4 | D24: ='Jira BUGS'!S24 -> 6 | E24: ='Jira BUGS'!J24 -> 45751 | F24: ='Jira BUGS'!C24 -> Andrei Brinza | G24: ='Jira BUGS'!G24 | J24: 7 | K24: =COUNTIF($D$2:$D$5030,$J24) -> 6 | L24: =SUMIF($D$2:$D$5030,$J24,$B$2:$B$5030) -> 0 | M24: =ROUND(L24/K24,0) -> 0 | Q24: =COUNTIF($F$2:$F$1030,$P24) -> 60
A25: ='Jira BUGS'!A25 -> ESPC360-17664 | B25: =IFERROR(NETWORKDAYS('Jira BUGS'!D25,'Jira BUGS'!E25),0) -> 0 | C25: ='Jira BUGS'!O25 -> 4 | D25: ='Jira BUGS'!S25 -> 6 | E25: ='Jira BUGS'!J25 -> 45758 | F25: ='Jira BUGS'!C25 -> Andrei Brinza | G25: ='Jira BUGS'!G25 | J25: 6 | K25: =COUNTIF($D$2:$D$5030,$J25) -> 6 | L25: =SUMIF($D$2:$D$5030,$J25,$B$2:$B$5030) -> 0 | M25: =ROUND(L25/K25,0) -> 0 | Q25: =COUNTIF($F$2:$F$1030,$P25) -> 60
A26: ='Jira BUGS'!A26 -> ESPC360-17189 | B26: =IFERROR(NETWORKDAYS('Jira BUGS'!D26,'Jira BUGS'!E26),0) -> 0 | C26: ='Jira BUGS'!O26 -> 3 | D26: ='Jira BUGS'!S26 -> 5 | E26: ='Jira BUGS'!J26 -> 45743 | F26: ='Jira BUGS'!C26 -> ERIC REVELLES SEGALES | G26: ='Jira BUGS'!G26 | J26: 5 | K26: =COUNTIF($D$2:$D$5030,$J26) -> 7 | L26: =SUMIF($D$2:$D$5030,$J26,$B$2:$B$5030) -> 0 | M26: =ROUND(L26/K26,0) -> 0 | Q26: =COUNTIF($F$2:$F$1030,$P26) -> 60
A27: ='Jira BUGS'!A27 -> ESPC360-17713 | B27: =IFERROR(NETWORKDAYS('Jira BUGS'!D27,'Jira BUGS'!E27),0) -> 0 | C27: ='Jira BUGS'!O27 -> 4 | D27: ='Jira BUGS'!S27 -> 5 | E27: ='Jira BUGS'!J27 -> 45779 | F27: ='Jira BUGS'!C27 -> ERNESTO Gimeno Valiente | G27: ='Jira BUGS'!G27 | J27: 4 | K27: =COUNTIF($D$2:$D$5030,$J27) -> 5 | L27: =SUMIF($D$2:$D$5030,$J27,$B$2:$B$5030) -> 0 | M27: =ROUND(L27/K27,0) -> 0 | Q27: =COUNTIF($F$2:$F$1030,$P27) -> 60
A28: ='Jira BUGS'!A28 -> ESPC360-16743 | B28: =IFERROR(NETWORKDAYS('Jira BUGS'!D28,'Jira BUGS'!E28),0) -> 0 | C28: ='Jira BUGS'!O28 -> 3 | D28: ='Jira BUGS'!S28 -> 5 | E28: ='Jira BUGS'!J28 -> 45727 | F28: ='Jira BUGS'!C28 -> BORJA CORTIJO LAJARA | G28: ='Jira BUGS'!G28 | J28: 3 | K28: =COUNTIF($D$2:$D$5030,$J28) -> 10 | L28: =SUMIF($D$2:$D$5030,$J28,$B$2:$B$5030) -> 0 | M28: =ROUND(L28/K28,0) -> 0 | Q28: =COUNTIF($F$2:$F$1030,$P28) -> 60
A29: ='Jira BUGS'!A29 -> ESPC360-17055 | B29: =IFERROR(NETWORKDAYS('Jira BUGS'!D29,'Jira BUGS'!E29),0) -> 0 | C29: ='Jira BUGS'!O29 -> 3 | D29: ='Jira BUGS'!S29 -> 5 | E29: ='Jira BUGS'!J29 -> 45751 | F29: ='Jira BUGS'!C29 | G29: ='Jira BUGS'!G29 | J29: 2 | K29: =COUNTIF($D$2:$D$5030,$J29) -> 7 | L29: =SUMIF($D$2:$D$5030,$J29,$B$2:$B$5030) -> 0 | M29: =ROUND(L29/K29,0) -> 0 | Q29: =COUNTIF($F$2:$F$1030,$P29) -> 60
A30: ='Jira BUGS'!A30 -> ESPC360-18044 | B30: =IFERROR(NETWORKDAYS('Jira BUGS'!D30,'Jira BUGS'!E30),0) -> 0 | C30: ='Jira BUGS'!O30 -> 4 | D30: ='Jira BUGS'!S30 -> 5 | E30: ='Jira BUGS'!J30 | F30: ='Jira BUGS'!C30 -> ERNESTO Gimeno Valiente | G30: ='Jira BUGS'!G30 | J30: 1 | K30: =COUNTIF($D$2:$D$5030,$J30) -> 8 | L30: =SUMIF($D$2:$D$5030,$J30,$B$2:$B$5030) -> 0 | M30: =ROUND(L30/K30,0) -> 0 | Q30: =COUNTIF($F$2:$F$1030,$P30) -> 60
A31: ='Jira BUGS'!A31 -> ESPC360-17446 | B31: =IFERROR(NETWORKDAYS('Jira BUGS'!D31,'Jira BUGS'!E31),0) -> 0 | C31: ='Jira BUGS'!O31 -> 4 | D31: ='Jira BUGS'!S31 -> 5 | E31: ='Jira BUGS'!J31 -> 45769 | F31: ='Jira BUGS'!C31 -> ERNESTO Gimeno Valiente | G31: ='Jira BUGS'!G31 | J31: 0 | K31: =COUNTIF($D$2:$D$5030,$J31) -> 60 | L31: =SUMIF($D$2:$D$5030,$J31,$B$2:$B$5030) -> 0 | M31: =ROUND(L31/K31,0) -> 0 | Q31: =COUNTIF($F$2:$F$1030,$P31) -> 60
A32: ='Jira BUGS'!A32 -> ESPC360-17380 | B32: =IFERROR(NETWORKDAYS('Jira BUGS'!D32,'Jira BUGS'!E32),0) -> 0 | C32: ='Jira BUGS'!O32 -> 4 | D32: ='Jira BUGS'!S32 -> 5 | E32: ='Jira BUGS'!J32 -> 45782 | F32: ='Jira BUGS'!C32 -> ERNESTO Gimeno Valiente | G32: ='Jira BUGS'!G32 | Q32: =COUNTIF($F$2:$F$1030,$P32) -> 60
A33: ='Jira BUGS'!A33 -> ESPC360-16744 | B33: =IFERROR(NETWORKDAYS('Jira BUGS'!D33,'Jira BUGS'!E33),0) -> 0 | C33: ='Jira BUGS'!O33 -> 3 | D33: ='Jira BUGS'!S33 -> 4 | E33: ='Jira BUGS'!J33 -> 45729 | F33: ='Jira BUGS'!C33 -> BORJA CORTIJO LAJARA | G33: ='Jira BUGS'!G33 | Q33: =COUNTIF($F$2:$F$1030,$P33) -> 60
A34: ='Jira BUGS'!A34 -> ESPC360-17120 | B34: =IFERROR(NETWORKDAYS('Jira BUGS'!D34,'Jira BUGS'!E34),0) -> 0 | C34: ='Jira BUGS'!O34 -> 3 | D34: ='Jira BUGS'!S34 -> 4 | E34: ='Jira BUGS'!J34 | F34: ='Jira BUGS'!C34 -> JOSE FELIZ HERNANDEZ | G34: ='Jira BUGS'!G34 | J34: Media resolución por prioridad | Q34: =COUNTIF($F$2:$F$1030,$P34) -> 60
A35: ='Jira BUGS'!A35 -> ESPC360-16230 | B35: =IFERROR(NETWORKDAYS('Jira BUGS'!D35,'Jira BUGS'!E35),0) -> 0 | C35: ='Jira BUGS'!O35 -> 2 | D35: ='Jira BUGS'!S35 -> 4 | E35: ='Jira BUGS'!J35 -> 45714 | F35: ='Jira BUGS'!C35 -> CARLOS Camacho Menchero | G35: ='Jira BUGS'!G35 | J35: Prioridad | K35: total apariciones | L35: suma apariciones | M35: media prioridad | N35: tiempo max | Q35: =COUNTIF($F$2:$F$1030,$P35) -> 60
A36: ='Jira BUGS'!A36 -> ESPC360-16562 | B36: =IFERROR(NETWORKDAYS('Jira BUGS'!D36,'Jira BUGS'!E36),0) -> 0 | C36: ='Jira BUGS'!O36 -> 3 | D36: ='Jira BUGS'!S36 -> 4 | E36: ='Jira BUGS'!J36 -> 45741 | F36: ='Jira BUGS'!C36 -> ERNESTO Gimeno Valiente | G36: ='Jira BUGS'!G36 | J36: {=_xlfn.UNIQUE($E$2:$E$122)} -> #VALUE! | K36: =COUNTIF($E$2:$E$122,$J36) -> 0 | L36: =SUMIF($E$2:$E$5030,$J36,$B$2:$B$5030) -> 0 | M36: =ROUND(L36/K36,0) -> #DIV/0! | Q36: =COUNTIF($F$2:$F$1030,$P36) -> 60
A37: ='Jira BUGS'!A37 -> ESPC360-16947 | B37: =IFERROR(NETWORKDAYS('Jira BUGS'!D37,'Jira BUGS'!E37),0) -> 0 | C37: ='Jira BUGS'!O37 -> 3 | D37: ='Jira BUGS'!S37 -> 4 | E37: ='Jira BUGS'!J37 -> 45737 | F37: ='Jira BUGS'!C37 -> ERNESTO Gimeno Valiente | G37: ='Jira BUGS'!G37 | K37: =COUNTIF($E$2:$E$122,$J37) -> 60 | L37: =SUMIF($E$2:$E$5030,$J37,$B$2:$B$5030) -> 0 | M37: =ROUND(L37/K37,0) -> 0 | Q37: =COUNTIF($F$2:$F$1030,$P37) -> 60
A38: ='Jira BUGS'!A38 -> ESPC360-16517 | B38: =IFERROR(NETWORKDAYS('Jira BUGS'!D38,'Jira BUGS'!E38),0) -> 0 | C38: ='Jira BUGS'!O38 -> 3 | D38: ='Jira BUGS'!S38 -> 3 | E38: ='Jira BUGS'!J38 -> 45720 | F38: ='Jira BUGS'!C38 -> CARLOS Camacho Menchero | G38: ='Jira BUGS'!G38 | K38: =COUNTIF($E$2:$E$122,$J38) -> 60 | L38: =SUMIF($E$2:$E$5030,$J38,$B$2:$B$5030) -> 0 | M38: =ROUND(L38/K38,0) -> 0 | Q38: =COUNTIF($F$2:$F$1030,$P38) -> 60
A39: ='Jira BUGS'!A39 -> ESPC360-16212 | B39: =IFERROR(NETWORKDAYS('Jira BUGS'!D39,'Jira BUGS'!E39),0) -> 0 | C39: ='Jira BUGS'!O39 -> 2 | D39: ='Jira BUGS'!S39 -> 3 | E39: ='Jira BUGS'!J39 -> 45713 | F39: ='Jira BUGS'!C39 -> CARLOS Camacho Menchero | G39: ='Jira BUGS'!G39 | Q39: =COUNTIF($F$2:$F$1030,$P39) -> 60
A40: ='Jira BUGS'!A40 -> ESPC360-16862 | B40: =IFERROR(NETWORKDAYS('Jira BUGS'!D40,'Jira BUGS'!E40),0) -> 0 | C40: ='Jira BUGS'!O40 -> 3 | D40: ='Jira BUGS'!S40 -> 3 | E40: ='Jira BUGS'!J40 -> 45730 | F40: ='Jira BUGS'!C40 -> ERNESTO Gimeno Valiente | G40: ='Jira BUGS'!G40 | Q40: =COUNTIF($F$2:$F$1030,$P40) -> 60
A41: ='Jira BUGS'!A41 -> ESPC360-16098 | B41: =IFERROR(NETWORKDAYS('Jira BUGS'!D41,'Jira BUGS'!E41),0) -> 0 | C41: ='Jira BUGS'!O41 -> 2 | D41: ='Jira BUGS'!S41 -> 3 | E41: ='Jira BUGS'!J41 -> 45723 | F41: ='Jira BUGS'!C41 -> ERNESTO Gimeno Valiente | G41: ='Jira BUGS'!G41 | Q41: =COUNTIF($F$2:$F$1030,$P41) -> 60
A42: ='Jira BUGS'!A42 -> ESPC360-16688 | B42: =IFERROR(NETWORKDAYS('Jira BUGS'!D42,'Jira BUGS'!E42),0) -> 0 | C42: ='Jira BUGS'!O42 -> 3 | D42: ='Jira BUGS'!S42 -> 3 | E42: ='Jira BUGS'!J42 -> 45723 | F42: ='Jira BUGS'!C42 -> ERNESTO Gimeno Valiente | G42: ='Jira BUGS'!G42 | Q42: =COUNTIF($F$2:$F$1030,$P42) -> 60
A43: ='Jira BUGS'!A43 -> ESPC360-15720 | B43: =IFERROR(NETWORKDAYS('Jira BUGS'!D43,'Jira BUGS'!E43),0) -> 0 | C43: ='Jira BUGS'!O43 -> 2 | D43: ='Jira BUGS'!S43 -> 3 | E43: ='Jira BUGS'!J43 -> 45701 | F43: ='Jira BUGS'!C43 -> CARLOS Camacho Menchero | G43: ='Jira BUGS'!G43 | Q43: =COUNTIF($F$2:$F$1030,$P43) -> 60
A44: ='Jira BUGS'!A44 -> ESPC360-16226 | B44: =IFERROR(NETWORKDAYS('Jira BUGS'!D44,'Jira BUGS'!E44),0) -> 0 | C44: ='Jira BUGS'!O44 -> 2 | D44: ='Jira BUGS'!S44 -> 3 | E44: ='Jira BUGS'!J44 -> 45716 | F44: ='Jira BUGS'!C44 -> ERNESTO Gimeno Valiente | G44: ='Jira BUGS'!G44 | Q44: =COUNTIF($F$2:$F$1030,$P44) -> 60
A45: ='Jira BUGS'!A45 -> ESPC360-15489 | B45: =IFERROR(NETWORKDAYS('Jira BUGS'!D45,'Jira BUGS'!E45),0) -> 0 | C45: ='Jira BUGS'!O45 -> 2 | D45: ='Jira BUGS'!S45 -> 3 | E45: ='Jira BUGS'!J45 -> 45709 | F45: ='Jira BUGS'!C45 -> ERNESTO Gimeno Valiente | G45: ='Jira BUGS'!G45 | Q45: =COUNTIF($F$2:$F$1030,$P45) -> 60
A46: ='Jira BUGS'!A46 -> ESPC360-15448 | B46: =IFERROR(NETWORKDAYS('Jira BUGS'!D46,'Jira BUGS'!E46),0) -> 0 | C46: ='Jira BUGS'!O46 -> 2 | D46: ='Jira BUGS'!S46 -> 3 | E46: ='Jira BUGS'!J46 -> 45698 | F46: ='Jira BUGS'!C46 -> CARLOS Camacho Menchero | G46: ='Jira BUGS'!G46
A47: ='Jira BUGS'!A47 -> ESPC360-15926 | B47: =IFERROR(NETWORKDAYS('Jira BUGS'!D47,'Jira BUGS'!E47),0) -> 0 | C47: ='Jira BUGS'!O47 -> 2 | D47: ='Jira BUGS'!S47 -> 3 | E47: ='Jira BUGS'!J47 -> 45701 | F47: ='Jira BUGS'!C47 -> CARLOS Camacho Menchero | G47: ='Jira BUGS'!G47 | J47: xxxx
A48: ='Jira BUGS'!A48 -> ESPC360-13775 | B48: =IFERROR(NETWORKDAYS('Jira BUGS'!D48,'Jira BUGS'!E48),0) -> 0 | C48: ='Jira BUGS'!O48 -> 11 | D48: ='Jira BUGS'!S48 -> 2 | E48: ='Jira BUGS'!J48 -> 45625 | F48: ='Jira BUGS'!C48 -> CARLOS Camacho Menchero | G48: ='Jira BUGS'!G48
A49: ='Jira BUGS'!A49 -> ESPC360-15635 | B49: =IFERROR(NETWORKDAYS('Jira BUGS'!D49,'Jira BUGS'!E49),0) -> 0 | C49: ='Jira BUGS'!O49 -> 2 | D49: ='Jira BUGS'!S49 -> 2 | E49: ='Jira BUGS'!J49 -> 45698 | F49: ='Jira BUGS'!C49 -> ERNESTO Gimeno Valiente | G49: ='Jira BUGS'!G49
A50: ='Jira BUGS'!A50 -> ESPC360-14953 | B50: =IFERROR(NETWORKDAYS('Jira BUGS'!D50,'Jira BUGS'!E50),0) -> 0 | C50: ='Jira BUGS'!O50 -> 1 | D50: ='Jira BUGS'!S50 -> 2 | E50: ='Jira BUGS'!J50 -> 45694 | F50: ='Jira BUGS'!C50 -> ERNESTO Gimeno Valiente | G50: ='Jira BUGS'!G50
A51: ='Jira BUGS'!A51 -> ESPC360-15487 | B51: =IFERROR(NETWORKDAYS('Jira BUGS'!D51,'Jira BUGS'!E51),0) -> 0 | C51: ='Jira BUGS'!O51 -> 2 | D51: ='Jira BUGS'!S51 -> 2 | E51: ='Jira BUGS'!J51 -> 45701 | F51: ='Jira BUGS'!C51 -> Arturo Ruiz Simon | G51: ='Jira BUGS'!G51
A52: ='Jira BUGS'!A52 -> ESPC360-14498 | B52: =IFERROR(NETWORKDAYS('Jira BUGS'!D52,'Jira BUGS'!E52),0) -> 0 | C52: ='Jira BUGS'!O52 -> 1 | D52: ='Jira BUGS'!S52 -> 2 | E52: ='Jira BUGS'!J52 -> 45673 | F52: ='Jira BUGS'!C52 -> CARLOS Camacho Menchero | G52: ='Jira BUGS'!G52
A53: ='Jira BUGS'!A53 -> ESPC360-13826 | B53: =IFERROR(NETWORKDAYS('Jira BUGS'!D53,'Jira BUGS'!E53),0) -> 0 | C53: ='Jira BUGS'!O53 -> 12 | D53: ='Jira BUGS'!S53 -> 2 | E53: ='Jira BUGS'!J53 -> 45656 | F53: ='Jira BUGS'!C53 | G53: ='Jira BUGS'!G53
A54: ='Jira BUGS'!A54 -> ESPC360-14394 | B54: =IFERROR(NETWORKDAYS('Jira BUGS'!D54,'Jira BUGS'!E54),0) -> 0 | C54: ='Jira BUGS'!O54 -> 1 | D54: ='Jira BUGS'!S54 -> 2 | E54: ='Jira BUGS'!J54 -> 45680 | F54: ='Jira BUGS'!C54 -> ERNESTO Gimeno Valiente | G54: ='Jira BUGS'!G54
A55: ='Jira BUGS'!A55 -> ESPC360-14429 | B55: =IFERROR(NETWORKDAYS('Jira BUGS'!D55,'Jira BUGS'!E55),0) -> 0 | C55: ='Jira BUGS'!O55 -> 1 | D55: ='Jira BUGS'!S55 -> 1 | E55: ='Jira BUGS'!J55 -> 45670 | F55: ='Jira BUGS'!C55 -> JOSE FELIZ HERNANDEZ | G55: ='Jira BUGS'!G55
A56: ='Jira BUGS'!A56 -> ESPC360-14111 | B56: =IFERROR(NETWORKDAYS('Jira BUGS'!D56,'Jira BUGS'!E56),0) -> 0 | C56: ='Jira BUGS'!O56 -> 12 | D56: ='Jira BUGS'!S56 -> 1 | E56: ='Jira BUGS'!J56 -> 45670 | F56: ='Jira BUGS'!C56 -> ERNESTO Gimeno Valiente | G56: ='Jira BUGS'!G56 | K56: Total | L56: Porcentage
A57: ='Jira BUGS'!A57 -> ESPC360-11498 | B57: =IFERROR(NETWORKDAYS('Jira BUGS'!D57,'Jira BUGS'!E57),0) -> 0 | C57: ='Jira BUGS'!O57 -> 9 | D57: ='Jira BUGS'!S57 -> 1 | E57: ='Jira BUGS'!J57 -> 45552 | F57: ='Jira BUGS'!C57 -> ERNESTO Gimeno Valiente | G57: ='Jira BUGS'!G57 | J57: highest
A58: ='Jira BUGS'!A58 -> ESPC360-13855 | B58: =IFERROR(NETWORKDAYS('Jira BUGS'!D58,'Jira BUGS'!E58),0) -> 0 | C58: ='Jira BUGS'!O58 -> 12 | D58: ='Jira BUGS'!S58 -> 1 | E58: ='Jira BUGS'!J58 -> 45646 | F58: ='Jira BUGS'!C58 -> ERNESTO Gimeno Valiente | G58: ='Jira BUGS'!G58 | J58: <7 dias
A59: ='Jira BUGS'!A59 -> ESPC360-13475 | B59: =IFERROR(NETWORKDAYS('Jira BUGS'!D59,'Jira BUGS'!E59),0) -> 0 | C59: ='Jira BUGS'!O59 -> 11 | D59: ='Jira BUGS'!S59 -> 1 | E59: ='Jira BUGS'!J59 -> 45636 | F59: ='Jira BUGS'!C59 -> ERNESTO Gimeno Valiente | G59: ='Jira BUGS'!G59 | J59: >7dias
A60: ='Jira BUGS'!A60 -> ESPC360-13290 | B60: =IFERROR(NETWORKDAYS('Jira BUGS'!D60,'Jira BUGS'!E60),0) -> 0 | C60: ='Jira BUGS'!O60 -> 11 | D60: ='Jira BUGS'!S60 -> 1 | E60: ='Jira BUGS'!J60 -> 45666 | F60: ='Jira BUGS'!C60 -> ERNESTO Gimeno Valiente | G60: ='Jira BUGS'!G60 | J60: hight
A61: ='Jira BUGS'!A61 -> ESPC360-11178 | B61: =IFERROR(NETWORKDAYS('Jira BUGS'!D61,'Jira BUGS'!E61),0) -> 0 | C61: ='Jira BUGS'!O61 -> 9 | D61: ='Jira BUGS'!S61 -> 1 | E61: ='Jira BUGS'!J61 -> 45546 | F61: ='Jira BUGS'!C61 -> GONZALO GARCIA MORENO | G61: ='Jira BUGS'!G61 | J61: <14 dias
A62: ='Jira BUGS'!A62 -> ESPC360-12718 | B62: =IFERROR(NETWORKDAYS('Jira BUGS'!D62,'Jira BUGS'!E62),0) -> 0 | C62: ='Jira BUGS'!O62 -> 10 | D62: ='Jira BUGS'!S62 -> 1 | E62: ='Jira BUGS'!J62 | F62: ='Jira BUGS'!C62 | G62: ='Jira BUGS'!G62 | J62: >14 dias
A63: ='Jira BUGS'!A63 -> 0 | B63: =IFERROR(NETWORKDAYS('Jira BUGS'!D63,'Jira BUGS'!E63),0) -> 0 | C63: ='Jira BUGS'!O63 -> 0 | D63: ='Jira BUGS'!S63 -> 0 | E63: ='Jira BUGS'!J63 -> 0 | F63: ='Jira BUGS'!C63 -> 0 | G63: ='Jira BUGS'!G63 -> 0 | J63: medium
A64: ='Jira BUGS'!A64 -> 0 | B64: =IFERROR(NETWORKDAYS('Jira BUGS'!D64,'Jira BUGS'!E64),0) -> 0 | C64: ='Jira BUGS'!O64 -> 0 | D64: ='Jira BUGS'!S64 -> 0 | E64: ='Jira BUGS'!J64 -> 0 | F64: ='Jira BUGS'!C64 -> 0 | G64: ='Jira BUGS'!G64 -> 0 | J64: <21dias
A65: ='Jira BUGS'!A65 -> 0 | B65: =IFERROR(NETWORKDAYS('Jira BUGS'!D65,'Jira BUGS'!E65),0) -> 0 | C65: ='Jira BUGS'!O65 -> 0 | D65: ='Jira BUGS'!S65 -> 0 | E65: ='Jira BUGS'!J65 -> 0 | F65: ='Jira BUGS'!C65 -> 0 | G65: ='Jira BUGS'!G65 -> 0 | J65: >21dias
A66: ='Jira BUGS'!A66 -> 0 | B66: =IFERROR(NETWORKDAYS('Jira BUGS'!D66,'Jira BUGS'!E66),0) -> 0 | C66: ='Jira BUGS'!O66 -> 0 | D66: ='Jira BUGS'!S66 -> 0 | E66: ='Jira BUGS'!J66 -> 0 | F66: ='Jira BUGS'!C66 -> 0 | G66: ='Jira BUGS'!G66 -> 0
A67: ='Jira BUGS'!A67 -> 0 | B67: =IFERROR(NETWORKDAYS('Jira BUGS'!D67,'Jira BUGS'!E67),0) -> 0 | C67: ='Jira BUGS'!O67 -> 0 | D67: ='Jira BUGS'!S67 -> 0 | E67: ='Jira BUGS'!J67 -> 0 | F67: ='Jira BUGS'!C67 -> 0 | G67: ='Jira BUGS'!G67 -> 0 | K67: enero | L67: febrero | M67: marzo | N67: abril | O67: mayo | P67: junio | Q67: julio | R67: agosto | S67: septiembre | T67: octubre | U67: noviembre | V67: diciembre
A68: ='Jira BUGS'!A68 -> 0 | B68: =IFERROR(NETWORKDAYS('Jira BUGS'!D68,'Jira BUGS'!E68),0) -> 0 | C68: ='Jira BUGS'!O68 -> 0 | D68: ='Jira BUGS'!S68 -> 0 | E68: ='Jira BUGS'!J68 -> 0 | F68: ='Jira BUGS'!C68 -> 0 | G68: ='Jira BUGS'!G68 -> 0 | J68: highest
A69: ='Jira BUGS'!A69 -> 0 | B69: =IFERROR(NETWORKDAYS('Jira BUGS'!D69,'Jira BUGS'!E69),0) -> 0 | C69: ='Jira BUGS'!O69 -> 0 | D69: ='Jira BUGS'!S69 -> 0 | E69: ='Jira BUGS'!J69 -> 0 | F69: ='Jira BUGS'!C69 -> 0 | G69: ='Jira BUGS'!G69 -> 0 | J69: <7 dias
A70: ='Jira BUGS'!A70 -> 0 | B70: =IFERROR(NETWORKDAYS('Jira BUGS'!D70,'Jira BUGS'!E70),0) -> 0 | C70: ='Jira BUGS'!O70 -> 0 | D70: ='Jira BUGS'!S70 -> 0 | E70: ='Jira BUGS'!J70 -> 0 | F70: ='Jira BUGS'!C70 -> 0 | G70: ='Jira BUGS'!G70 -> 0 | J70: >7dias
A71: ='Jira BUGS'!A71 -> 0 | B71: =IFERROR(NETWORKDAYS('Jira BUGS'!D71,'Jira BUGS'!E71),0) -> 0 | C71: ='Jira BUGS'!O71 -> 0 | D71: ='Jira BUGS'!S71 -> 0 | E71: ='Jira BUGS'!J71 -> 0 | F71: ='Jira BUGS'!C71 -> 0 | G71: ='Jira BUGS'!G71 -> 0 | J71: hight
A72: ='Jira BUGS'!A72 -> 0 | B72: =IFERROR(NETWORKDAYS('Jira BUGS'!D72,'Jira BUGS'!E72),0) -> 0 | C72: ='Jira BUGS'!O72 -> 0 | D72: ='Jira BUGS'!S72 -> 0 | E72: ='Jira BUGS'!J72 -> 0 | F72: ='Jira BUGS'!C72 -> 0 | G72: ='Jira BUGS'!G72 -> 0 | J72: <14 dias
A73: ='Jira BUGS'!A73 -> 0 | B73: =IFERROR(NETWORKDAYS('Jira BUGS'!D73,'Jira BUGS'!E73),0) -> 0 | C73: ='Jira BUGS'!O73 -> 0 | D73: ='Jira BUGS'!S73 -> 0 | E73: ='Jira BUGS'!J73 -> 0 | F73: ='Jira BUGS'!C73 -> 0 | G73: ='Jira BUGS'!G73 -> 0 | J73: >14 dias
A74: ='Jira BUGS'!A74 -> 0 | B74: =IFERROR(NETWORKDAYS('Jira BUGS'!D74,'Jira BUGS'!E74),0) -> 0 | C74: ='Jira BUGS'!O74 -> 0 | D74: ='Jira BUGS'!S74 -> 0 | E74: ='Jira BUGS'!J74 -> 0 | F74: ='Jira BUGS'!C74 -> 0 | G74: ='Jira BUGS'!G74 -> 0 | J74: medium
A75: ='Jira BUGS'!A75 -> 0 | B75: =IFERROR(NETWORKDAYS('Jira BUGS'!D75,'Jira BUGS'!E75),0) -> 0 | C75: ='Jira BUGS'!O75 -> 0 | D75: ='Jira BUGS'!S75 -> 0 | E75: ='Jira BUGS'!J75 -> 0 | F75: ='Jira BUGS'!C75 -> 0 | G75: ='Jira BUGS'!G75 -> 0 | J75: <21dias
A76: ='Jira BUGS'!A76 -> 0 | B76: =IFERROR(NETWORKDAYS('Jira BUGS'!D76,'Jira BUGS'!E76),0) -> 0 | C76: ='Jira BUGS'!O76 -> 0 | D76: ='Jira BUGS'!S76 -> 0 | E76: ='Jira BUGS'!J76 -> 0 | F76: ='Jira BUGS'!C76 -> 0 | G76: ='Jira BUGS'!G76 -> 0 | J76: >21dias
A77: ='Jira BUGS'!A77 -> 0 | B77: =IFERROR(NETWORKDAYS('Jira BUGS'!D77,'Jira BUGS'!E77),0) -> 0 | C77: ='Jira BUGS'!O77 -> 0 | D77: ='Jira BUGS'!S77 -> 0 | E77: ='Jira BUGS'!J77 -> 0 | F77: ='Jira BUGS'!C77 -> 0 | G77: ='Jira BUGS'!G77 -> 0
A78: ='Jira BUGS'!A78 -> 0 | B78: =IFERROR(NETWORKDAYS('Jira BUGS'!D78,'Jira BUGS'!E78),0) -> 0 | C78: ='Jira BUGS'!O78 -> 0 | D78: ='Jira BUGS'!S78 -> 0 | E78: ='Jira BUGS'!J78 -> 0 | F78: ='Jira BUGS'!C78 -> 0 | G78: ='Jira BUGS'!G78 -> 0
A79: ='Jira BUGS'!A79 -> 0 | B79: =IFERROR(NETWORKDAYS('Jira BUGS'!D79,'Jira BUGS'!E79),0) -> 0 | C79: ='Jira BUGS'!O79 -> 0 | D79: ='Jira BUGS'!S79 -> 0 | E79: ='Jira BUGS'!J79 -> 0 | F79: ='Jira BUGS'!C79 -> 0 | G79: ='Jira BUGS'!G79 -> 0
A80: ='Jira BUGS'!A80 -> 0 | B80: =IFERROR(NETWORKDAYS('Jira BUGS'!D80,'Jira BUGS'!E80),0) -> 0 | C80: ='Jira BUGS'!O80 -> 0 | D80: ='Jira BUGS'!S80 -> 0 | E80: ='Jira BUGS'!J80 -> 0 | F80: ='Jira BUGS'!C80 -> 0 | G80: ='Jira BUGS'!G80 -> 0
A81: ='Jira BUGS'!A81 -> 0 | B81: =IFERROR(NETWORKDAYS('Jira BUGS'!D81,'Jira BUGS'!E81),0) -> 0 | C81: ='Jira BUGS'!O81 -> 0 | D81: ='Jira BUGS'!S81 -> 0 | E81: ='Jira BUGS'!J81 -> 0 | F81: ='Jira BUGS'!C81 -> 0 | G81: ='Jira BUGS'!G81 -> 0
A82: ='Jira BUGS'!A82 -> 0 | B82: =IFERROR(NETWORKDAYS('Jira BUGS'!D82,'Jira BUGS'!E82),0) -> 0 | C82: ='Jira BUGS'!O82 -> 0 | D82: ='Jira BUGS'!S82 -> 0 | E82: ='Jira BUGS'!J82 -> 0 | F82: ='Jira BUGS'!C82 -> 0 | G82: ='Jira BUGS'!G82 -> 0
A83: ='Jira BUGS'!A83 -> 0 | B83: =IFERROR(NETWORKDAYS('Jira BUGS'!D83,'Jira BUGS'!E83),0) -> 0 | C83: ='Jira BUGS'!O83 -> 0 | D83: ='Jira BUGS'!S83 -> 0 | E83: ='Jira BUGS'!J83 -> 0 | F83: ='Jira BUGS'!C83 -> 0 | G83: ='Jira BUGS'!G83 -> 0
A84: ='Jira BUGS'!A84 -> 0 | B84: =IFERROR(NETWORKDAYS('Jira BUGS'!D84,'Jira BUGS'!E84),0) -> 0 | C84: ='Jira BUGS'!O84 -> 0 | D84: ='Jira BUGS'!S84 -> 0 | E84: ='Jira BUGS'!J84 -> 0 | F84: ='Jira BUGS'!C84 -> 0 | G84: ='Jira BUGS'!G84 -> 0
A85: ='Jira BUGS'!A85 -> 0 | B85: =IFERROR(NETWORKDAYS('Jira BUGS'!D85,'Jira BUGS'!E85),0) -> 0 | C85: ='Jira BUGS'!O85 -> 0 | D85: ='Jira BUGS'!S85 -> 0 | E85: ='Jira BUGS'!J85 -> 0 | F85: ='Jira BUGS'!C85 -> 0 | G85: ='Jira BUGS'!G85 -> 0
A86: ='Jira BUGS'!A86 -> 0 | B86: =IFERROR(NETWORKDAYS('Jira BUGS'!D86,'Jira BUGS'!E86),0) -> 0 | C86: ='Jira BUGS'!O86 -> 0 | D86: ='Jira BUGS'!S86 -> 0 | E86: ='Jira BUGS'!J86 -> 0 | F86: ='Jira BUGS'!C86 -> 0 | G86: ='Jira BUGS'!G86 -> 0
A87: ='Jira BUGS'!A87 -> 0 | B87: =IFERROR(NETWORKDAYS('Jira BUGS'!D87,'Jira BUGS'!E87),0) -> 0 | C87: ='Jira BUGS'!O87 -> 0 | D87: ='Jira BUGS'!S87 -> 0 | E87: ='Jira BUGS'!J87 -> 0 | F87: ='Jira BUGS'!C87 -> 0 | G87: ='Jira BUGS'!G87 -> 0
A88: ='Jira BUGS'!A88 -> 0 | B88: =IFERROR(NETWORKDAYS('Jira BUGS'!D88,'Jira BUGS'!E88),0) -> 0 | C88: ='Jira BUGS'!O88 -> 0 | D88: ='Jira BUGS'!S88 -> 0 | E88: ='Jira BUGS'!J88 -> 0 | F88: ='Jira BUGS'!C88 -> 0 | G88: ='Jira BUGS'!G88 -> 0
... A122: ='Jira BUGS'!A122 -> 0 | B122: =IFERROR(NETWORKDAYS('Jira BUGS'!D122,'Jira BUGS'!E122),0) -> 0 | C122: ='Jira BUGS'!O122 -> 0 | D122: ='Jira BUGS'!S122 -> 0 | E122: ='Jira BUGS'!J122 -> 0 | F122: ='Jira BUGS'!C122 -> 0 | G122: ='Jira BUGS'!G122 -> 0

Sheet Fechas_Estado
A1: key | B1: Backlog | C1: Blocked | D1: CANCELLED | E1: CLOSED | F1: DESPRIORIZADO PO | G1: Developed | H1: Developing | I1: IN PROGRESS | J1: In Testing CERT / TEST | K1: In Testing PRE | L1: ON HOLD | M1: OPEN | N1: READY | O1: RESOLVED | P1: Ready to Develop | Q1: Tested CERT / TEST | R1: Tested PRE | S1: Upstream Generic State 00 | T1: Upstream Generic State 01 | U1: Upstream Generic State 02 | V1: Upstream Generic State 03 | W1: Upstream Generic State 04 | X1: Upstream Generic State 05 | Y1: Upstream Generic State 06 | Z1: Upstream Generic State 07 | AA1: Upstream Generic State 08 | AB1: Upstream Generic State 09
A2: ESPC360-10202 | B2: 2024-07-22T13:37:14.968+0200 | C2: 2024-08-27T12:23:22.352+0200 | E2: 2024-09-06T13:46:39.202+0200 | F2: 2024-07-22T13:37:28.041+0200 | Y2: 2024-07-22T13:37:29.797+0200 | Z2: 2024-08-20T16:05:21.037+0200
A3: ESPC360-10203 | B3: 2024-07-22T15:53:14.768+0200 | D3: 2024-08-01T11:43:23.950+0200 | F3: 2024-07-24T08:58:19.769+0200 | Y3: 2024-07-24T08:58:21.784+0200 | Z3: 2024-07-24T11:46:40.696+0200 | AA3: 2024-07-24T12:20:06.774+0200 | AB3: 2024-07-24T12:20:17.662+0200
A4: ESPC360-10218 | B4: 2024-07-23T11:01:18.159+0200 | C4: 2024-08-27T12:23:32.592+0200 | E4: 2024-09-06T13:46:55.101+0200 | F4: 2024-07-23T11:01:29.486+0200 | Y4: 2024-07-23T11:01:31.583+0200 | Z4: 2024-08-20T16:11:26.956+0200
A5: ESPC360-10231 | B5: 2024-07-23T12:29:10.996+0200 | E5: 2024-08-26T08:14:17.810+0200 | F5: 2024-07-24T08:58:09.672+0200 | G5: 2024-08-20T11:20:26.136+0200 | H5: 2024-08-20T11:20:23.581+0200 | J5: 2024-08-20T11:20:28.667+0200 | L5: 2024-08-13T12:50:51.140+0200 | P5: 2024-08-20T11:09:55.376+0200 | Q5: 2024-08-20T17:45:23.849+0200 | Y5: 2024-08-13T12:54:16.825+0200 | Z5: 2024-08-13T12:50:54.697+0200 | AA5: 2024-08-06T09:36:12.624+0200 | AB5: 2024-07-24T12:20:17.997+0200
A6: ESPC360-10232 | B6: 2024-07-23T12:39:44.900+0200 | D6: 2024-08-01T11:43:37.077+0200 | F6: 2024-07-24T08:57:56.199+0200 | Y6: 2024-07-24T08:57:58.174+0200 | Z6: 2024-07-24T12:04:06.803+0200 | AA6: 2024-07-24T12:20:07.275+0200 | AB6: 2024-07-24T12:20:18.190+0200
A7: ESPC360-10233 | B7: 2024-07-23T12:49:36.829+0200 | D7: 2024-08-01T11:43:45.847+0200 | F7: 2024-07-24T08:57:40.596+0200 | Y7: 2024-07-24T08:57:42.707+0200 | Z7: 2024-07-24T12:03:57.333+0200 | AA7: 2024-07-24T12:20:07.476+0200 | AB7: 2024-07-24T12:20:18.387+0200
A8: ESPC360-10234 | B8: 2024-07-23T12:57:34.467+0200 | E8: 2024-08-12T14:13:53.541+0200 | F8: 2024-07-24T08:57:30.443+0200 | Y8: 2024-08-06T09:36:22.244+0200 | Z8: 2024-08-06T09:36:17.310+0200 | AA8: 2024-08-06T09:36:13.185+0200 | AB8: 2024-07-24T12:20:18.594+0200
A9: ESPC360-10238 | B9: 2024-07-23T15:24:08.589+0200 | D9: 2024-08-13T12:38:09.125+0200 | E9: 2024-08-26T14:11:23.707+0200 | F9: 2024-07-24T08:57:21.625+0200 | G9: 2024-08-20T11:20:34.847+0200 | H9: 2024-08-20T11:20:31.628+0200 | J9: 2024-08-20T11:20:37.695+0200 | L9: 2024-08-20T13:00:38.299+0200 | P9: 2024-08-20T11:10:13.605+0200 | R9: 2024-08-13T12:37:39.564+0200 | Y9: 2024-08-13T12:54:25.488+0200 | Z9: 2024-08-13T12:50:47.414+0200 | AA9: 2024-08-06T09:36:13.492+0200 | AB9: 2024-08-20T13:00:46.788+0200
A10: ESPC360-10239 | B10: 2024-07-23T15:24:47.852+0200 | D10: 2024-08-01T11:43:59.920+0200 | F10: 2024-07-24T08:57:10.888+0200 | Y10: 2024-07-24T08:57:12.865+0200 | Z10: 2024-07-24T12:03:34.678+0200 | AA10: 2024-07-24T12:20:07.969+0200 | AB10: 2024-07-24T12:20:18.991+0200
A11: ESPC360-10240 | B11: 2024-07-23T15:25:08.835+0200 | D11: 2024-08-01T11:44:14.440+0200 | F11: 2024-07-24T08:57:03.646+0200 | Y11: 2024-07-24T08:57:05.371+0200 | Z11: 2024-07-24T12:03:22.179+0200 | AA11: 2024-07-24T12:20:08.204+0200 | AB11: 2024-07-24T12:20:19.234+0200
A12: ESPC360-10241 | B12: 2024-07-23T15:26:37.443+0200 | E12: 2024-08-12T14:14:01.026+0200 | F12: 2024-07-24T08:56:50.392+0200 | Y12: 2024-08-06T09:36:22.749+0200 | Z12: 2024-08-06T09:36:19.506+0200 | AA12: 2024-08-06T09:36:13.752+0200 | AB12: 2024-07-24T12:20:19.456+0200
A13: ESPC360-10242 | B13: 2024-07-23T15:27:28.020+0200 | D13: 2024-08-01T11:44:29.482+0200 | F13: 2024-07-24T08:56:40.961+0200 | Y13: 2024-07-24T08:56:42.369+0200 | Z13: 2024-07-24T12:02:06.568+0200 | AA13: 2024-07-24T12:20:08.563+0200 | AB13: 2024-07-24T12:20:19.667+0200
A14: ESPC360-10243 | B14: 2024-07-23T15:29:02.713+0200 | D14: 2024-08-01T11:44:48.936+0200 | F14: 2024-07-24T08:56:33.414+0200 | Y14: 2024-07-24T08:56:35.587+0200 | Z14: 2024-07-24T12:01:56.771+0200 | AA14: 2024-07-24T12:20:08.726+0200 | AB14: 2024-07-24T12:20:19.856+0200
A15: ESPC360-10404 | B15: 2024-07-29T11:11:43.107+0200 | E15: 2024-10-17T15:35:10.706+0200 | F15: 2024-07-31T09:39:49.533+0200 | G15: 2024-09-18T15:46:46.469+0200 | H15: 2024-09-18T15:45:06.104+0200 | J15: 2024-10-17T15:34:06.294+0200 | P15: 2024-08-21T09:22:01.005+0200 | Q15: 2024-10-17T15:34:10.766+0200 | S15: 2024-07-29T11:13:55.943+0200 | Y15: 2024-07-31T09:39:51.437+0200 | Z15: 2024-08-20T11:45:45.850+0200 | AA15: 2024-08-20T16:10:21.058+0200 | AB15: 2024-08-20T16:10:26.347+0200
A16: ESPC360-10471 | B16: 2024-07-31T13:15:47.143+0200 | E16: 2024-10-04T11:05:20.998+0200 | F16: 2024-07-31T13:15:59.114+0200 | G16: 2024-10-04T11:02:57.898+0200 | H16: 2024-10-04T11:02:53.841+0200 | J16: 2024-10-04T11:03:05.840+0200 | P16: 2024-08-20T13:56:28.196+0200 | Q16: 2024-10-04T11:03:10.797+0200 | Y16: 2024-07-31T13:16:01.286+0200 | Z16: 2024-08-06T14:15:00.580+0200 | AA16: 2024-08-06T14:15:07.506+0200
A17: ESPC360-10750 | B17: 2024-08-12T17:49:37.469+0200 | C17: 2024-08-21T13:38:10.050+0200 | E17: 2024-09-17T09:16:22.033+0200 | F17: 2024-08-13T09:31:41.053+0200 | G17: 2024-09-10T11:28:16.555+0200 | H17: 2024-09-10T10:12:28.299+0200 | J17: 2024-09-10T11:28:26.641+0200 | L17: 2024-09-10T09:30:49.401+0200 | P17: 2024-09-10T10:12:17.944+0200 | Q17: 2024-09-10T11:28:38.904+0200 | Y17: 2024-08-13T09:31:42.874+0200 | Z17: 2024-09-10T09:31:03.908+0200 | AA17: 2024-09-10T09:31:17.138+0200
A18: ESPC360-10759 | B18: 2024-08-13T16:16:15.537+0200 | E18: 2024-10-31T09:15:06.901+0100 | F18: 2024-08-13T16:16:26.395+0200 | G18: 2024-09-25T11:56:08.555+0200 | H18: 2024-09-19T15:26:37.870+0200 | J18: 2024-09-25T11:56:14.802+0200 | K18: 2024-10-16T10:44:32.330+0200 | P18: 2024-09-16T11:46:53.622+0200 | Q18: 2024-10-16T10:44:37.669+0200 | R18: 2024-10-16T10:44:29.935+0200 | Y18: 2024-08-13T16:16:28.109+0200 | Z18: 2024-08-21T13:44:46.823+0200 | AA18: 2024-08-28T12:03:44.475+0200
A19: ESPC360-11021 | B19: 2024-08-22T14:13:13.480+0200 | E19: 2024-09-05T16:31:51.499+0200 | F19: 2024-08-22T14:13:24.960+0200 | G19: 2024-09-04T13:35:29.327+0200 | H19: 2024-09-04T13:35:22.941+0200 | J19: 2024-09-04T15:13:36.025+0200 | L19: 2024-08-23T07:53:25.802+0200 | P19: 2024-09-04T13:35:16.305+0200 | Q19: 2024-09-04T15:13:40.161+0200 | T19: 2024-08-22T15:26:41.761+0200 | V19: 2024-08-28T09:42:46.469+0200 | W19: 2024-09-02T12:08:15.193+0200 | X19: 2024-09-02T12:08:31.240+0200 | Y19: 2024-09-02T12:08:44.384+0200 | Z19: 2024-09-03T09:32:36.764+0200 | AA19: 2024-09-03T17:28:23.638+0200
A20: ESPC360-11034 | B20: 2024-08-23T11:44:43.053+0200 | E20: 2024-09-03T17:21:23.375+0200 | F20: 2024-08-23T11:44:55.146+0200 | L20: 2024-09-02T10:58:35.698+0200 | P20: 2024-08-30T16:50:58.062+0200 | Q20: 2024-09-02T10:58:39.217+0200 | Y20: 2024-08-23T11:44:57.180+0200 | Z20: 2024-08-27T12:24:11.709+0200
A21: ESPC360-11060 | B21: 2024-08-27T09:25:06.927+0200 | E21: 2024-10-10T17:41:36.798+0200 | F21: 2024-08-27T09:25:18.490+0200 | G21: 2024-09-06T14:00:03.564+0200 | H21: 2024-09-06T14:00:00.031+0200 | J21: 2024-09-09T09:05:10.617+0200 | P21: 2024-09-05T11:09:27.871+0200 | Q21: 2024-09-13T09:14:31.463+0200 | Y21: 2024-08-27T09:25:20.339+0200 | Z21: 2024-08-30T09:20:48.249+0200 | AA21: 2024-09-02T09:46:36.675+0200
A22: ESPC360-11061 | B22: 2024-08-27T09:27:10.607+0200 | D22: 2024-09-10T11:42:57.173+0200 | F22: 2024-08-27T09:42:32.220+0200 | Y22: 2024-08-27T09:42:34.630+0200 | Z22: 2024-09-02T11:56:59.414+0200
A23: ESPC360-11063 | B23: 2024-08-27T09:41:55.962+0200 | D23: 2024-09-10T11:43:35.025+0200 | F23: 2024-08-27T09:43:23.267+0200 | P23: 2024-08-27T09:43:16.600+0200 | S23: 2024-08-27T09:43:15.203+0200 | X23: 2024-08-27T09:43:36.696+0200 | Y23: 2024-08-27T09:43:39.910+0200 | Z23: 2024-09-06T11:25:27.484+0200
A24: ESPC360-11066 | B24: 2024-08-27T12:48:17.319+0200 | D24: 2024-09-10T11:41:44.145+0200 | F24: 2024-09-10T11:35:38.614+0200 | S24: 2024-08-27T12:49:28.748+0200 | T24: 2024-08-27T12:49:31.279+0200 | U24: 2024-08-27T12:49:33.082+0200 | V24: 2024-08-27T12:49:34.944+0200 | W24: 2024-08-27T12:49:36.912+0200 | X24: 2024-08-27T12:49:38.597+0200 | Y24: 2024-08-27T12:49:41.072+0200 | Z24: 2024-09-09T15:06:28.061+0200
A25: ESPC360-11074 | B25: 2024-08-27T13:57:12.142+0200 | C25: 2024-08-29T09:42:53.823+0200 | E25: 2024-11-07T13:17:25.400+0100 | F25: 2024-08-27T13:57:24.497+0200 | J25: 2024-09-18T09:46:01.422+0200 | Q25: 2024-09-18T09:46:05.489+0200 | Y25: 2024-08-27T13:57:26.594+0200
A26: ESPC360-11079 | B26: 2024-08-28T09:20:15.645+0200 | E26: 2024-10-31T09:15:06.957+0100 | F26: 2024-08-28T09:20:27.851+0200 | G26: 2024-10-15T18:01:47.260+0200 | H26: 2024-10-03T16:09:51.107+0200 | J26: 2024-10-15T18:01:53.381+0200 | P26: 2024-10-03T11:51:16.706+0200 | Q26: 2024-10-16T10:06:37.206+0200 | Y26: 2024-09-18T15:44:26.481+0200 | Z26: 2024-09-30T16:25:15.853+0200
A27: ESPC360-11222 | B27: 2024-09-03T15:18:15.875+0200 | E27: 2024-09-12T12:07:14.478+0200 | G27: 2024-09-12T09:46:36.343+0200 | H27: 2024-09-12T09:46:31.465+0200 | J27: 2024-09-12T09:46:39.824+0200 | L27: 2024-09-04T08:16:17.071+0200 | P27: 2024-09-12T09:46:26.879+0200 | Q27: 2024-09-12T09:46:43.043+0200 | Y27: 2024-09-04T08:16:20.763+0200 | Z27: 2024-09-12T09:46:13.746+0200 | AA27: 2024-09-12T09:46:22.956+0200 | AB27: 2024-09-12T09:46:18.865+0200
A28: ESPC360-11404 | B28: 2024-09-10T15:47:43.572+0200 | D28: 2024-09-12T16:24:21.520+0200 | F28: 2024-09-10T15:47:55.010+0200 | Y28: 2024-09-10T15:47:57.150+0200
A29: ESPC360-11469 | B29: 2024-09-13T09:26:26.226+0200 | D29: 2024-09-25T17:40:05.441+0200 | F29: 2024-09-13T09:26:40.286+0200 | Y29: 2024-09-13T09:26:42.282+0200 | Z29: 2024-09-24T17:30:08.142+0200 | AA29: 2024-09-25T11:06:19.422+0200
A30: ESPC360-11499 | B30: 2024-09-17T10:11:56.176+0200 | C30: 2024-09-17T10:55:14.532+0200 | E30: 2024-10-08T19:01:45.109+0200 | F30: 2024-09-17T12:04:24.375+0200 | G30: 2024-10-02T17:30:59.244+0200 | H30: 2024-09-23T10:18:09.692+0200 | J30: 2024-10-02T17:31:06.838+0200 | L30: 2024-09-17T10:55:28.248+0200 | P30: 2024-09-23T10:15:20.580+0200 | Q30: 2024-10-02T17:31:11.550+0200 | S30: 2024-09-17T10:55:34.748+0200 | W30: 2024-09-17T12:18:16.700+0200 | X30: 2024-09-17T18:10:16.403+0200 | Y30: 2024-09-17T18:10:23.220+0200 | Z30: 2024-09-20T13:03:44.827+0200 | AA30: 2024-09-20T13:04:07.228+0200
A31: ESPC360-11504 | B31: 2024-09-17T12:11:23.144+0200 | E31: 2024-10-31T09:15:06.967+0100 | F31: 2024-09-18T09:50:49.754+0200 | G31: 2024-10-09T09:10:09.727+0200 | H31: 2024-10-08T09:10:13.053+0200 | J31: 2024-10-09T09:41:15.438+0200 | P31: 2024-10-02T11:24:24.254+0200 | Q31: 2024-10-15T10:06:12.808+0200 | Y31: 2024-09-18T09:50:51.975+0200 | Z31: 2024-09-25T17:32:37.760+0200 | AA31: 2024-09-25T17:38:10.290+0200
A32: ESPC360-11523 | B32: 2024-09-18T16:25:55.720+0200 | E32: 2024-10-10T17:41:37.462+0200 | F32: 2024-09-18T16:26:11.908+0200 | L32: 2024-09-18T16:33:53.974+0200 | P32: 2024-09-18T16:26:56.162+0200 | Q32: 2024-09-18T16:34:20.487+0200 | Y32: 2024-09-18T16:26:14.113+0200
A33: ESPC360-11540 | B33: 2024-09-19T09:33:47.174+0200 | E33: 2024-10-08T19:01:44.540+0200 | F33: 2024-09-19T09:33:58.166+0200 | G33: 2024-10-08T09:26:25.134+0200 | H33: 2024-10-08T09:26:18.999+0200 | J33: 2024-10-08T09:26:32.342+0200 | P33: 2024-10-08T09:26:08.446+0200 | Q33: 2024-10-08T09:26:40.346+0200 | Y33: 2024-09-19T09:34:00.342+0200 | Z33: 2024-09-19T12:12:39.188+0200 | AA33: 2024-10-03T11:36:44.604+0200 | AB33: 2024-10-04T09:42:05.507+0200
A34: ESPC360-11691 | B34: 2024-09-19T13:42:50.646+0200 | E34: 2024-10-09T15:09:30.252+0200 | F34: 2024-09-19T13:43:00.544+0200 | G34: 2024-10-09T15:09:13.761+0200 | H34: 2024-10-09T15:09:10.896+0200 | J34: 2024-10-09T15:09:18.190+0200 | P34: 2024-10-09T15:09:07.771+0200 | Q34: 2024-10-09T15:09:20.622+0200 | Y34: 2024-09-19T13:43:02.795+0200 | Z34: 2024-10-04T09:06:54.784+0200 | AA34: 2024-10-09T13:35:46.053+0200
A35: ESPC360-11717 | B35: 2024-09-23T08:56:17.443+0200 | E35: 2024-10-31T09:15:06.865+0100 | F35: 2024-09-23T09:52:09.256+0200 | G35: 2024-10-07T09:30:26.669+0200 | H35: 2024-10-04T10:00:49.942+0200 | J35: 2024-10-09T09:39:17.972+0200 | P35: 2024-10-02T11:17:19.659+0200 | Q35: 2024-10-15T10:06:09.125+0200 | Y35: 2024-09-23T09:52:11.279+0200 | Z35: 2024-09-24T09:34:40.056+0200 | AA35: 2024-09-24T13:32:02.942+0200
A36: ESPC360-11718 | B36: 2024-09-23T09:28:59.349+0200 | E36: 2024-10-31T09:15:06.930+0100 | F36: 2024-09-23T09:51:36.778+0200 | G36: 2024-10-09T09:10:15.140+0200 | H36: 2024-10-08T10:11:13.180+0200 | J36: 2024-10-09T09:39:49.653+0200 | P36: 2024-10-02T11:32:23.765+0200 | Q36: 2024-10-15T10:06:16.735+0200 | Y36: 2024-09-23T09:51:39.038+0200 | Z36: 2024-09-30T09:44:01.893+0200 | AA36: 2024-09-30T16:35:16.498+0200
A37: ESPC360-11736 | B37: 2024-09-23T10:27:44.046+0200 | E37: 2024-10-31T09:15:07.342+0100 | G37: 2024-10-09T09:22:37.216+0200 | H37: 2024-10-09T08:40:44.655+0200 | J37: 2024-10-09T09:22:42.315+0200 | P37: 2024-10-08T10:32:03.475+0200 | Q37: 2024-10-15T10:06:05.093+0200 | S37: 2024-09-23T16:07:08.406+0200 | T37: 2024-09-23T16:07:13.246+0200 | U37: 2024-09-23T16:07:15.740+0200 | V37: 2024-09-23T16:07:18.415+0200 | W37: 2024-09-23T16:07:21.041+0200 | X37: 2024-09-23T16:07:37.611+0200 | Y37: 2024-09-23T16:07:40.370+0200 | Z37: 2024-09-30T16:59:17.009+0200 | AA37: 2024-10-08T09:27:03.671+0200
A38: ESPC360-11780 | B38: 2024-09-23T13:07:57.471+0200 | C38: 2024-10-01T12:23:45.805+0200 | E38: 2024-10-31T09:15:07.238+0100 | G38: 2024-10-09T08:40:19.598+0200 | H38: 2024-10-03T16:13:06.522+0200 | J38: 2024-10-16T09:41:56.900+0200 | L38: 2024-10-01T12:26:37.300+0200 | P38: 2024-10-02T11:16:09.681+0200 | Q38: 2024-10-16T10:25:49.817+0200 | S38: 2024-09-27T10:51:15.000+0200 | T38: 2024-09-27T11:28:40.507+0200 | U38: 2024-09-27T11:28:43.225+0200 | V38: 2024-09-27T11:28:45.580+0200 | W38: 2024-09-30T09:46:22.299+0200 | X38: 2024-09-23T16:08:12.068+0200 | Y38: 2024-10-01T12:26:42.483+0200 | Z38: 2024-10-01T13:20:01.629+0200 | AA38: 2024-10-01T13:20:06.819+0200
A39: ESPC360-11800 | B39: 2024-09-23T18:24:29.854+0200 | D39: 2024-10-16T12:20:33.507+0200 | S39: 2024-09-24T09:16:40.694+0200 | T39: 2024-09-26T19:02:28.164+0200 | U39: 2024-09-26T19:02:30.455+0200 | V39: 2024-09-26T19:12:44.831+0200 | W39: 2024-09-26T19:12:47.539+0200 | X39: 2024-09-26T19:12:52.897+0200 | Y39: 2024-09-26T19:12:55.909+0200 | Z39: 2024-10-08T10:41:31.911+0200
A40: ESPC360-11803 | B40: 2024-09-24T10:31:03.179+0200 | E40: 2024-09-30T14:28:31.893+0200 | F40: 2024-09-26T19:26:58.162+0200 | S40: 2024-09-26T19:25:36.972+0200 | T40: 2024-09-26T19:25:39.084+0200 | U40: 2024-09-26T19:25:41.454+0200 | X40: 2024-09-26T19:27:13.621+0200 | Y40: 2024-09-26T19:27:16.944+0200
A41: ESPC360-11814 | B41: 2024-09-24T16:12:33.045+0200 | E41: 2024-11-26T10:22:11.107+0100 | F41: 2024-09-24T16:12:44.537+0200 | G41: 2024-10-29T16:32:18.983+0100 | H41: 2024-10-29T16:32:14.288+0100 | J41: 2024-10-29T16:33:49.144+0100 | P41: 2024-10-16T09:33:39.466+0200 | Q41: 2024-10-29T16:34:25.552+0100 | Y41: 2024-09-24T16:12:46.451+0200
A42: ESPC360-11853 | B42: 2024-09-26T17:49:45.837+0200 | C42: 2024-10-15T10:03:54.378+0200 | E42: 2024-12-11T09:27:10.194+0100 | F42: 2024-09-26T17:49:57.036+0200 | G42: 2024-11-13T09:12:56.146+0100 | H42: 2024-11-13T09:12:51.627+0100 | J42: 2024-11-13T09:13:00.581+0100 | L42: 2024-11-13T09:12:33.991+0100 | P42: 2024-11-13T09:12:39.704+0100 | Q42: 2024-11-13T09:13:17.647+0100 | Y42: 2024-09-26T17:49:59.024+0200 | Z42: 2024-09-26T17:57:15.700+0200 | AA42: 2024-09-26T17:57:27.486+0200
A43: ESPC360-11855 | B43: 2024-09-26T18:00:24.429+0200 | D43: 2024-09-27T10:25:39.603+0200 | F43: 2024-09-26T18:00:36.137+0200 | P43: 2024-09-26T18:05:57.133+0200 | Y43: 2024-09-26T18:00:38.107+0200 | Z43: 2024-09-26T18:03:52.700+0200 | AA43: 2024-09-26T18:05:26.375+0200 | AB43: 2024-09-26T18:05:32.169+0200
A44: ESPC360-11901 | B44: 2024-10-01T09:54:59.494+0200 | C44: 2024-10-03T10:18:23.477+0200 | D44: 2024-10-07T12:53:46.974+0200 | H44: 2024-10-04T10:21:21.200+0200 | S44: 2024-10-01T12:35:07.419+0200
A45: ESPC360-12090 | B45: 2024-10-04T08:58:12.925+0200 | D45: 2024-10-07T12:53:11.818+0200 | F45: 2024-10-04T08:58:23.855+0200 | Y45: 2024-10-04T08:58:25.862+0200 | Z45: 2024-10-04T09:05:58.242+0200
A46: ESPC360-12143 | B46: 2024-10-07T12:47:08.195+0200 | D46: 2024-10-07T13:03:56.705+0200 | F46: 2024-10-07T12:47:17.907+0200 | Y46: 2024-10-07T12:47:19.864+0200
A47: ESPC360-12336 | B47: 2024-10-14T12:31:58.024+0200 | E47: 2024-10-31T09:15:06.848+0100 | F47: 2024-10-14T12:52:36.852+0200 | G47: 2024-10-18T14:51:00.608+0200 | H47: 2024-10-18T14:50:54.542+0200 | J47: 2024-10-18T15:50:40.046+0200 | P47: 2024-10-18T14:50:48.267+0200 | Q47: 2024-10-18T15:50:44.037+0200 | Y47: 2024-10-14T12:52:38.737+0200 | Z47: 2024-10-16T12:20:58.660+0200 | AA47: 2024-10-17T16:11:58.831+0200
A48: ESPC360-12355 | B48: 2024-10-15T11:29:53.221+0200 | E48: 2024-11-26T10:22:11.753+0100 | F48: 2024-10-15T11:30:04.912+0200 | G48: 2024-10-31T16:40:35.351+0100 | H48: 2024-10-31T15:22:59.808+0100 | J48: 2024-10-31T16:40:38.799+0100 | P48: 2024-10-28T11:53:47.401+0100 | Q48: 2024-11-06T09:43:03.383+0100 | Y48: 2024-10-15T11:30:07.173+0200 | Z48: 2024-10-17T15:57:53.623+0200 | AA48: 2024-10-23T13:14:55.180+0200
A49: ESPC360-12363 | B49: 2024-10-15T18:10:26.329+0200 | E49: 2024-12-11T09:27:11.087+0100 | F49: 2024-10-15T18:10:36.392+0200 | G49: 2024-11-15T12:23:02.099+0100 | H49: 2024-11-14T16:38:25.805+0100 | J49: 2024-11-20T10:12:53.124+0100 | P49: 2024-11-13T11:19:49.971+0100 | Q49: 2024-11-26T09:21:06.212+0100 | Y49: 2024-10-29T11:45:51.415+0100 | Z49: 2024-10-29T17:44:27.480+0100 | AA49: 2024-10-31T11:30:23.586+0100
A50: ESPC360-12372 | B50: 2024-10-16T11:22:07.651+0200 | E50: 2024-10-22T15:51:43.893+0200 | F50: 2024-10-16T11:22:20.757+0200 | Y50: 2024-10-16T11:22:22.827+0200 | Z50: 2024-10-17T18:34:20.203+0200
A51: ESPC360-12379 | B51: 2024-10-16T13:28:25.347+0200 | E51: 2024-11-26T10:22:10.119+0100 | F51: 2024-10-16T13:38:03.686+0200 | G51: 2024-11-06T16:12:55.095+0100 | H51: 2024-11-06T10:27:58.743+0100 | J51: 2024-11-06T16:12:58.868+0100 | P51: 2024-10-28T09:11:32.279+0100 | Q51: 2024-11-06T16:13:04.249+0100 | Y51: 2024-10-16T13:38:05.692+0200 | Z51: 2024-10-25T09:01:17.916+0200 | AA51: 2024-10-25T09:01:23.592+0200
A52: ESPC360-12632 | B52: 2024-10-22T12:46:09.878+0200 | C52: 2024-11-26T16:21:08.396+0100 | F52: 2024-10-22T12:46:20.711+0200 | J52: 2024-11-26T16:23:52.155+0100 | L52: 2024-11-26T16:23:34.246+0100 | Q52: 2024-11-26T16:23:58.195+0100 | Y52: 2024-10-22T12:46:22.430+0200 | Z52: 2024-10-30T16:03:39.389+0100 | AA52: 2024-11-18T17:34:21.260+0100 | AB52: 2024-11-25T10:10:58.718+0100
A53: ESPC360-12636 | B53: 2024-10-22T14:30:11.640+0200 | E53: 2024-12-11T09:27:11.294+0100 | F53: 2024-10-22T14:30:23.676+0200 | G53: 2024-11-15T09:51:40.202+0100 | H53: 2024-11-14T16:10:10.217+0100 | J53: 2024-11-18T09:29:00.738+0100 | P53: 2024-11-13T11:53:42.415+0100 | Q53: 2024-11-26T10:11:27.304+0100 | Y53: 2024-10-22T14:30:25.842+0200 | Z53: 2024-10-31T12:58:52.602+0100 | AA53: 2024-11-11T16:58:36.456+0100
A54: ESPC360-12646 | B54: 2024-10-23T18:18:59.689+0200 | E54: 2024-10-25T14:00:41.576+0200 | F54: 2024-10-23T18:19:09.175+0200 | Y54: 2024-10-23T18:19:11.054+0200 | Z54: 2024-10-24T12:05:41.881+0200
A55: ESPC360-12700 | B55: 2024-10-25T09:43:29.037+0200 | E55: 2024-11-26T10:22:10.270+0100 | F55: 2024-10-25T09:43:40.606+0200 | G55: 2024-11-05T15:56:25.096+0100 | H55: 2024-11-04T10:28:49.887+0100 | J55: 2024-11-05T15:56:32.390+0100 | P55: 2024-10-31T12:01:22.016+0100 | Q55: 2024-11-06T09:43:17.922+0100 | Y55: 2024-10-25T09:43:42.306+0200 | Z55: 2024-10-29T11:45:59.293+0100 | AA55: 2024-10-31T09:52:25.944+0100
A56: ESPC360-12731 | B56: 2024-10-28T09:35:37.527+0100 | E56: 2024-10-30T09:41:22.809+0100 | F56: 2024-10-28T09:35:48.035+0100 | G56: 2024-10-30T09:41:02.273+0100 | H56: 2024-10-30T09:40:57.690+0100 | J56: 2024-10-30T09:41:09.850+0100 | P56: 2024-10-30T09:40:52.517+0100 | Q56: 2024-10-30T09:41:15.458+0100 | Y56: 2024-10-28T09:35:50.043+0100 | Z56: 2024-10-28T09:44:10.530+0100 | AA56: 2024-10-29T17:44:07.543+0100 | AB56: 2024-10-29T17:44:13.205+0100
A57: ESPC360-12732 | B57: 2024-10-28T12:47:52.277+0100 | E57: 2024-12-11T09:27:11.129+0100 | F57: 2024-10-28T12:48:03.427+0100 | G57: 2024-11-18T10:18:09.568+0100 | H57: 2024-11-18T10:18:03.991+0100 | J57: 2024-11-18T11:02:31.607+0100 | P57: 2024-11-13T11:25:56.271+0100 | Q57: 2024-11-19T10:56:19.966+0100 | Y57: 2024-10-28T12:48:05.433+0100 | Z57: 2024-10-31T17:37:35.749+0100 | AA57: 2024-10-31T18:22:47.116+0100
A58: ESPC360-12762 | B58: 2024-10-30T10:49:08.243+0100 | E58: 2024-11-07T16:32:42.552+0100 | F58: 2024-10-30T10:49:18.235+0100 | G58: 2024-11-06T10:24:12.104+0100 | H58: 2024-11-06T10:24:08.564+0100 | J58: 2024-11-06T10:24:15.541+0100 | P58: 2024-11-06T10:24:04.414+0100 | Q58: 2024-11-06T10:24:19.660+0100 | Y58: 2024-10-30T10:49:20.230+0100 | Z58: 2024-11-04T09:36:50.859+0100 | AA58: 2024-11-05T12:26:04.557+0100 | AB58: 2024-11-05T13:25:28.484+0100
A59: ESPC360-12763 | B59: 2024-10-30T11:08:08.327+0100 | E59: 2024-11-07T16:32:42.346+0100 | F59: 2024-10-30T17:01:03.487+0100 | G59: 2024-11-06T10:24:46.363+0100 | H59: 2024-11-06T10:24:41.249+0100 | J59: 2024-11-06T10:26:06.119+0100 | P59: 2024-11-06T10:24:37.778+0100 | Q59: 2024-11-06T10:26:08.971+0100 | Y59: 2024-10-30T17:01:05.257+0100 | Z59: 2024-11-04T09:36:56.542+0100 | AA59: 2024-11-06T09:45:18.097+0100 | AB59: 2024-11-06T09:45:22.960+0100
A60: ESPC360-12774 | B60: 2024-10-31T10:53:28.962+0100 | E60: 2024-10-31T15:55:35.856+0100 | F60: 2024-10-31T10:53:38.352+0100 | G60: 2024-10-31T15:41:51.168+0100 | H60: 2024-10-31T15:41:47.382+0100 | J60: 2024-10-31T15:52:13.449+0100 | P60: 2024-10-31T15:41:43.652+0100 | Q60: 2024-10-31T15:52:16.523+0100 | Y60: 2024-10-31T10:53:39.942+0100
A61: ESPC360-13108 | B61: 2024-11-11T15:59:04.202+0100 | E61: 2024-11-13T17:06:41.878+0100 | S61: 2024-11-11T16:02:55.437+0100 | T61: 2024-11-12T17:43:21.184+0100 | U61: 2024-11-12T17:43:29.369+0100 | V61: 2024-11-12T17:43:39.411+0100 | W61: 2024-11-12T17:43:47.618+0100
A62: ESPC360-13113 | B62: 2024-11-12T11:42:59.149+0100 | D62: 2024-11-12T13:07:21.119+0100 | F62: 2024-11-12T11:43:08.539+0100 | Y62: 2024-11-12T11:43:10.172+0100
A63: ESPC360-13114 | B63: 2024-11-12T11:43:46.194+0100 | D63: 2024-11-13T16:13:26.847+0100 | F63: 2024-11-12T11:43:56.653+0100 | Y63: 2024-11-12T11:43:58.406+0100 | Z63: 2024-11-12T17:39:17.241+0100
A64: ESPC360-13131 | B64: 2024-11-13T13:11:21.715+0100 | F64: 2024-11-25T09:52:59.938+0100 | G64: 2024-12-16T14:08:35.134+0100 | H64: 2024-12-16T09:20:50.542+0100 | P64: 2024-12-04T10:44:57.002+0100 | S64: 2024-11-21T15:16:17.788+0100 | Y64: 2024-11-25T09:53:01.839+0100 | Z64: 2024-11-27T13:57:20.302+0100 | AA64: 2024-12-03T09:17:15.888+0100
A65: ESPC360-13164 | B65: 2024-11-14T11:08:32.400+0100 | E65: 2024-11-20T12:58:29.361+0100 | F65: 2024-11-14T11:08:43.371+0100 | Y65: 2024-11-14T11:08:44.852+0100 | Z65: 2024-11-18T17:34:25.931+0100 | AA65: 2024-11-19T13:40:40.212+0100
A66: ESPC360-13286 | B66: 2024-11-14T15:44:29.724+0100 | E66: 2024-11-28T15:19:16.523+0100 | F66: 2024-11-14T15:44:40.504+0100 | H66: 2024-11-21T15:21:37.085+0100 | P66: 2024-11-21T15:21:33.583+0100 | Y66: 2024-11-14T15:44:42.435+0100 | Z66: 2024-11-18T17:34:37.212+0100 | AA66: 2024-11-20T17:13:18.197+0100
A67: ESPC360-13288 | B67: 2024-11-14T16:18:09.074+0100 | E67: 2024-12-05T09:55:04.462+0100 | F67: 2024-11-14T16:18:18.846+0100 | Y67: 2024-11-26T08:16:49.700+0100 | Z67: 2024-11-27T16:00:43.326+0100 | AA67: 2024-11-28T14:03:59.219+0100 | AB67: 2024-11-28T15:01:30.313+0100
A68: ESPC360-13291 | B68: 2024-11-14T18:20:51.555+0100 | C68: 2024-12-02T12:14:21.528+0100 | D68: 2024-12-04T12:54:19.829+0100 | F68: 2024-11-14T18:21:02.171+0100 | Y68: 2024-11-14T18:21:03.956+0100 | Z68: 2024-11-28T15:24:47.493+0100
A69: ESPC360-13309 | B69: 2024-11-18T11:30:07.781+0100 | C69: 2024-12-05T09:58:48.817+0100 | F69: 2024-11-18T11:30:23.584+0100 | L69: 2024-12-04T16:11:18.362+0100 | W69: 2024-12-05T09:58:44.952+0100 | X69: 2024-12-05T09:58:40.038+0100 | Y69: 2024-12-04T16:11:22.671+0100 | Z69: 2024-11-28T15:23:30.559+0100 | AA69: 2024-11-27T15:57:49.629+0100
A70: ESPC360-13363 | B70: 2024-11-19T10:11:03.561+0100 | F70: 2024-11-19T10:11:15.394+0100 | L70: 2024-11-19T10:12:04.021+0100 | Y70: 2024-12-05T09:45:06.048+0100 | Z70: 2024-12-05T09:45:15.305+0100 | AA70: 2024-12-05T09:45:20.005+0100
A71: ESPC360-13372 | B71: 2024-11-19T14:54:45.139+0100 | C71: 2024-11-19T15:47:28.479+0100 | E71: 2024-12-13T13:05:44.492+0100 | F71: 2024-11-19T14:56:35.485+0100 | L71: 2024-12-05T11:16:35.913+0100 | S71: 2024-11-19T15:04:03.357+0100 | T71: 2024-11-19T15:03:56.717+0100 | U71: 2024-11-19T15:03:53.973+0100 | V71: 2024-11-19T15:03:50.847+0100 | W71: 2024-11-19T15:03:47.575+0100 | X71: 2024-11-19T15:03:44.209+0100 | Y71: 2024-12-05T11:16:46.400+0100 | Z71: 2024-12-05T11:17:13.449+0100 | AA71: 2024-12-05T11:17:17.500+0100 | AB71: 2024-12-05T11:17:21.397+0100
A72: ESPC360-13375 | B72: 2024-11-19T15:15:52.179+0100 | F72: 2024-11-20T09:53:03.494+0100 | S72: 2024-11-19T15:21:38.333+0100 | T72: 2024-11-19T15:21:32.068+0100 | U72: 2024-11-19T15:21:29.077+0100 | V72: 2024-11-19T15:21:26.309+0100 | W72: 2024-11-19T15:21:23.649+0100 | X72: 2024-11-19T15:21:20.950+0100 | Y72: 2024-11-20T09:53:05.096+0100 | Z72: 2024-11-25T10:10:39.241+0100 | AA72: 2024-11-25T10:10:42.996+0100 | AB72: 2024-11-25T10:10:48.679+0100
A73: ESPC360-13376 | B73: 2024-11-19T15:22:33.557+0100 | C73: 2024-11-19T15:43:28.932+0100 | E73: 2024-12-05T09:41:36.556+0100 | F73: 2024-11-19T15:32:27.320+0100 | H73: 2024-11-27T13:52:24.614+0100 | L73: 2024-11-27T13:53:35.677+0100 | S73: 2024-11-19T15:26:18.432+0100 | T73: 2024-11-19T15:26:15.223+0100 | U73: 2024-11-19T15:26:12.527+0100 | V73: 2024-11-19T15:26:09.853+0100 | W73: 2024-11-19T15:26:07.230+0100 | X73: 2024-11-19T15:26:04.531+0100 | Y73: 2024-11-19T15:32:29.338+0100 | AB73: 2024-11-27T13:53:52.818+0100
A74: ESPC360-13377 | B74: 2024-11-19T15:41:49.236+0100 | F74: 2024-11-19T15:54:01.522+0100 | L74: 2024-11-26T16:22:36.667+0100 | Q74: 2024-11-26T16:22:41.711+0100 | S74: 2024-11-19T15:45:35.918+0100 | T74: 2024-11-19T15:45:32.291+0100 | U74: 2024-11-19T15:45:29.318+0100 | V74: 2024-11-19T15:45:26.568+0100 | W74: 2024-11-19T15:45:23.748+0100 | X74: 2024-11-19T15:45:20.382+0100 | Y74: 2024-11-19T15:54:03.443+0100 | Z74: 2024-11-25T10:10:22.956+0100 | AA74: 2024-11-25T10:10:28.188+0100 | AB74: 2024-11-25T10:10:51.926+0100
A75: ESPC360-13379 | B75: 2024-11-19T17:42:47.873+0100 | E75: 2024-11-28T15:19:16.367+0100 | F75: 2024-11-20T09:32:18.818+0100 | H75: 2024-11-21T15:21:20.203+0100 | P75: 2024-11-21T15:21:07.526+0100 | Y75: 2024-11-20T09:32:20.643+0100 | Z75: 2024-11-20T09:54:33.268+0100 | AA75: 2024-11-20T17:50:29.386+0100
A76: ESPC360-13411 | B76: 2024-11-21T13:01:45.051+0100 | E76: 2024-12-05T09:55:42.745+0100 | F76: 2024-11-21T13:01:54.376+0100 | Y76: 2024-11-21T13:01:56.192+0100 | Z76: 2024-12-04T12:42:50.836+0100 | AA76: 2024-12-04T17:41:21.858+0100 | AB76: 2024-12-04T17:41:29.985+0100
A77: ESPC360-13482 | B77: 2024-11-21T15:52:49.720+0100 | F77: 2024-11-21T15:52:59.578+0100 | P77: 2024-12-12T11:57:45.202+0100 | Y77: 2024-11-21T15:53:01.433+0100 | Z77: 2024-11-28T10:16:04.308+0100 | AA77: 2024-12-04T17:35:11.197+0100
A78: ESPC360-13488 | B78: 2024-11-21T18:08:32.452+0100 | E78: 2024-12-05T09:55:47.708+0100 | F78: 2024-11-21T18:08:42.491+0100 | Y78: 2024-11-21T18:08:44.240+0100 | Z78: 2024-11-27T13:09:01.417+0100 | AA78: 2024-11-27T13:12:25.580+0100 | AB78: 2024-11-27T13:12:30.066+0100
A79: ESPC360-13532 | B79: 2024-11-26T08:13:47.653+0100 | E79: 2024-11-28T15:19:16.683+0100 | F79: 2024-11-26T08:13:57.320+0100 | L79: 2024-11-27T09:43:27.597+0100 | Q79: 2024-11-27T09:43:32.348+0100 | Y79: 2024-11-26T08:13:59.151+0100 | Z79: 2024-11-26T08:16:38.276+0100 | AA79: 2024-11-26T16:33:15.815+0100 | AB79: 2024-11-26T16:33:19.597+0100
A80: ESPC360-13534 | B80: 2024-11-26T10:50:50.886+0100 | F80: 2024-11-26T10:51:02.444+0100 | Y80: 2024-11-26T10:51:03.951+0100 | Z80: 2024-12-04T17:41:43.164+0100 | AA80: 2024-12-13T14:51:39.266+0100 | AB80: 2024-12-16T09:44:49.170+0100
A81: ESPC360-13535 | B81: 2024-11-26T11:07:14.715+0100 | F81: 2024-11-26T11:07:24.702+0100 | Y81: 2024-11-26T11:07:26.225+0100 | Z81: 2024-12-04T17:41:47.081+0100 | AA81: 2024-12-13T15:05:44.539+0100 | AB81: 2024-12-16T09:44:58.629+0100
A82: ESPC360-13540 | B82: 2024-11-26T15:28:36.233+0100 | F82: 2024-11-26T15:28:47.191+0100 | P82: 2024-12-04T10:34:48.935+0100 | Y82: 2024-11-26T15:28:49.092+0100 | Z82: 2024-11-29T11:18:57.945+0100 | AA82: 2024-11-29T11:39:41.093+0100
A83: ESPC360-13557 | B83: 2024-11-28T09:23:28.358+0100 | F83: 2024-11-28T09:23:39.007+0100 | Y83: 2024-11-28T09:23:40.832+0100 | Z83: 2024-12-13T15:28:12.473+0100 | AA83: 2024-12-16T12:40:32.386+0100
A84: ESPC360-13803 | B84: 2024-12-02T14:59:22.690+0100 | F84: 2024-12-02T14:59:33.841+0100 | Y84: 2024-12-02T14:59:35.400+0100
A85: ESPC360-13804 | B85: 2024-12-02T15:06:15.256+0100 | F85: 2024-12-02T15:06:28.953+0100 | Y85: 2024-12-02T15:06:30.617+0100
A86: ESPC360-13805 | B86: 2024-12-02T15:13:51.956+0100 | F86: 2024-12-02T15:14:04.406+0100 | Y86: 2024-12-02T15:14:06.614+0100
A87: ESPC360-13825 | B87: 2024-12-04T13:06:28.407+0100 | C87: 2024-12-05T09:58:55.199+0100 | F87: 2024-12-04T13:07:46.889+0100 | L87: 2024-12-04T16:12:05.794+0100 | Y87: 2024-12-04T16:12:09.182+0100
A88: ESPC360-13831 | B88: 2024-12-04T14:48:17.712+0100 | F88: 2024-12-04T14:48:27.718+0100 | Y88: 2024-12-04T14:48:29.460+0100 | Z88: 2024-12-16T12:40:48.947+0100 | AA88: 2024-12-16T13:02:21.396+0100
A89: ESPC360-13835 | B89: 2024-12-04T16:30:21.225+0100 | F89: 2024-12-04T16:30:32.242+0100 | Y89: 2024-12-04T16:30:33.833+0100 | Z89: 2024-12-05T11:38:21.533+0100 | AA89: 2024-12-11T16:40:28.594+0100 | AB89: 2024-12-12T10:51:00.762+0100
A90: ESPC360-13836 | B90: 2024-12-04T16:37:33.822+0100 | D90: 2024-12-12T09:47:51.466+0100 | F90: 2024-12-04T16:37:43.689+0100 | Y90: 2024-12-04T16:37:45.395+0100 | Z90: 2024-12-05T11:38:14.016+0100 | AA90: 2024-12-11T09:26:29.781+0100 | AB90: 2024-12-11T09:32:42.846+0100
A91: ESPC360-13948 | B91: 2024-12-10T16:29:11.641+0100 | F91: 2024-12-10T16:29:21.791+0100 | Y91: 2024-12-10T16:29:23.215+0100 | Z91: 2024-12-10T16:34:36.223+0100
A92: ESPC360-13965 | B92: 2024-12-11T16:54:52.873+0100 | H92: 2024-12-13T09:32:30.050+0100 | L92: 2024-12-11T17:19:14.976+0100 | P92: 2024-12-12T11:05:34.306+0100 | Y92: 2024-12-12T09:36:13.337+0100
A93: ESPC360-14082 | B93: 2024-12-12T16:53:09.690+0100
A94: ESPC360-3890 | B94: 2024-01-08T11:45:55.718+0100 | E94: 2024-01-25T17:05:36.811+0100 | F94: 2024-01-08T11:49:47.255+0100 | G94: 2024-01-25T13:44:29.485+0100 | H94: 2024-01-19T09:37:03.940+0100 | J94: 2024-01-25T13:44:42.573+0100 | K94: 2024-01-25T13:43:44.313+0100 | L94: 2024-01-25T13:44:18.516+0100 | Q94: 2024-01-25T13:44:50.736+0100 | R94: 2024-01-25T13:43:59.241+0100 | X94: 2024-01-16T10:52:18.079+0100 | Y94: 2024-01-19T09:36:10.802+0100
A95: ESPC360-3979 | B95: 2024-01-09T15:48:19.084+0100 | E95: 2024-01-10T16:49:49.876+0100 | F95: 2024-01-09T15:48:27.272+0100 | Y95: 2024-01-09T15:48:28.479+0100 | Z95: 2024-01-10T10:40:43.214+0100
A96: ESPC360-3997 | B96: 2024-01-10T16:09:46.206+0100 | E96: 2024-02-02T09:57:57.836+0100 | F96: 2024-01-10T16:12:54.097+0100 | G96: 2024-01-15T10:47:00.329+0100 | H96: 2024-01-12T10:34:48.044+0100 | J96: 2024-01-17T11:32:46.434+0100 | P96: 2024-01-11T16:08:17.906+0100 | Q96: 2024-01-18T11:07:52.186+0100 | Y96: 2024-01-10T16:12:55.494+0100 | Z96: 2024-01-10T16:47:41.972+0100 | AA96: 2024-01-10T16:58:27.586+0100
A97: ESPC360-4326 | B97: 2024-01-15T13:10:17.650+0100 | E97: 2024-03-18T16:51:24.276+0100 | F97: 2024-01-15T14:44:17.132+0100 | G97: 2024-02-13T11:39:41.299+0100 | H97: 2024-02-08T16:40:28.761+0100 | J97: 2024-02-13T11:39:51.218+0100 | P97: 2024-01-22T12:23:12.692+0100 | Q97: 2024-02-13T11:39:55.182+0100 | S97: 2024-01-15T13:17:22.128+0100 | T97: 2024-01-15T13:17:35.485+0100 | Y97: 2024-01-15T14:44:18.652+0100 | Z97: 2024-01-16T10:50:16.048+0100 | AA97: 2024-01-22T08:07:16.665+0100
A98: ESPC360-4462 | B98: 2024-01-18T16:56:35.560+0100 | E98: 2024-01-25T17:03:51.133+0100 | G98: 2024-01-25T17:03:32.678+0100 | H98: 2024-01-25T17:03:28.539+0100 | J98: 2024-01-25T17:03:41.575+0100 | P98: 2024-01-25T17:03:21.672+0100 | Q98: 2024-01-25T17:03:47.338+0100 | S98: 2024-01-18T16:59:12.986+0100 | T98: 2024-01-18T16:59:16.181+0100 | U98: 2024-01-18T17:01:30.145+0100 | V98: 2024-01-18T17:48:17.631+0100 | W98: 2024-01-23T14:31:13.247+0100 | X98: 2024-01-23T16:19:47.196+0100 | Y98: 2024-01-23T16:19:49.590+0100 | Z98: 2024-01-24T15:32:28.559+0100
A99: ESPC360-4604 | B99: 2024-01-24T10:22:10.768+0100 | C99: 2024-01-29T15:53:06.792+0100 | E99: 2024-03-01T09:47:30.770+0100 | F99: 2024-01-24T10:35:16.159+0100 | L99: 2024-01-29T15:53:55.638+0100 | X99: 2024-01-29T15:53:59.956+0100 | Y99: 2024-02-29T16:25:53.962+0100 | Z99: 2024-01-25T17:04:07.778+0100
A100: ESPC360-4906 | B100: 2024-01-26T10:53:25.043+0100 | E100: 2024-01-30T09:47:36.990+0100 | F100: 2024-01-26T10:55:44.413+0100 | Y100: 2024-01-30T09:25:06.140+0100 | Z100: 2024-01-29T15:54:21.966+0100
...

Sheet Tratamiento_Fechas
B1: Backlog | E1: Upstream Generic State 00 | H1: Upstream Generic State 01 | K1: Upstream Generic State 02 | N1: Upstream Generic State 03 | Q1: Upstream Generic State 04 | T1: Upstream Generic State 05 | W1: Upstream Generic State 06 | Z1: Upstream Generic State 07 | AC1: Upstream Generic State 08 | AF1: Upstream Generic State 09 | AI1: Ready to Develop | AL1: Tiempo Analisis | AM1: Developing | AP1: Developed | AS1: In Testing CERT / TEST | AV1: Tested CERT / TEST | AY1: Tiempo Desarrollo | AZ1: CLOSED | BC1: Tiempo Despliegue
A2: PBIs | B2: Dia | C2: Hora | D2: Fecha/hora | E2: Dia | F2: Hora | G2: Fecha/hora | H2: Dia | I2: Hora | J2: Fecha/hora | K2: Dia | L2: Hora | M2: Fecha/hora | N2: Dia | O2: Hora | P2: Fecha/hora | Q2: Dia | R2: Hora | S2: Fecha/hora | T2: Dia | U2: Hora | V2: Fecha/hora | W2: Dia | X2: Hora | Y2: Fecha/hora | Z2: Dia | AA2: Hora | AB2: Fecha/hora | AC2: Dia | AD2: Hora | AE2: Fecha/hora | AF2: Dia | AG2: Hora | AH2: Fecha/hora | AI2: Dia | AJ2: Hora | AK2: Fecha/hora | AL2: Días | AM2: Dia | AN2: Hora | AO2: Fecha/hora | AP2: Dia | AQ2: Hora | AR2: Fecha/hora | AS2: Dia | AT2: Hora | AU2: Fecha/hora | AV2: Dia | AW2: Hora | AX2: Fecha/hora | AY2: Días | AZ2: Dia | BA2: Hora | BB2: Fecha/hora | BC2: Días
A3: =Fechas_Estado!A2 -> ESPC360-10202 | B3: =LEFT(VLOOKUP(A3,Fechas_Estado!A:AE,2,0),10) -> 2024-07-22 | C3: =MID(VLOOKUP(A3,Fechas_Estado!A:AE,2,0),12,8) -> 13:37:14 | D3: =_xlfn.CONCAT(B3," ",C3) -> 2024-07-22 13:37:14 | E3: =LEFT(VLOOKUP(A3,Fechas_Estado!A:AE,19,0),10) | F3: =MID(VLOOKUP(A3,Fechas_Estado!A:AE,19,0),12,8) | G3: =_xlfn.CONCAT(E3," ",F3) | H3: =LEFT(VLOOKUP(A3,Fechas_Estado!A:AE,20,0),10) | I3: =MID(VLOOKUP(A3,Fechas_Estado!A:AE,20,0),12,8) | J3: =_xlfn.CONCAT(H3," ",I3) | K3: =LEFT(VLOOKUP(A3,Fechas_Estado!A:AE,21,0),10) | L3: =MID(VLOOKUP(A3,Fechas_Estado!A:AE,21,0),12,8) | M3: =_xlfn.CONCAT(K3," ",L3) | N3: =LEFT(VLOOKUP(A3,Fechas_Estado!A:AE,22,0),10) | O3: =MID(VLOOKUP(A3,Fechas_Estado!A:AE,22,0),12,8) | P3: =_xlfn.CONCAT(N3," ",O3) | Q3: =LEFT(VLOOKUP(A3,Fechas_Estado!A:AE,23,0),10) | R3: =MID(VLOOKUP(A3,Fechas_Estado!A:AE,23,0),12,8) | S3: =_xlfn.CONCAT(Q3," ",R3) | T3: =LEFT(VLOOKUP(A3,Fechas_Estado!A:AE,24,0),10) | U3: =MID(VLOOKUP(A3,Fechas_Estado!A:AE,24,0),12,8) | V3: =_xlfn.CONCAT(T3," ",U3) | W3: =LEFT(VLOOKUP(A3,Fechas_Estado!A:AE,25,0),10) -> 2024-07-22 | X3: =MID(VLOOKUP(A3,Fechas_Estado!A:AE,25,0),12,8) -> 13:37:29 | Y3: =_xlfn.CONCAT(W3," ",X3) -> 2024-07-22 13:37:29 | Z3: =LEFT(VLOOKUP(A3,Fechas_Estado!A:AE,26,0),10) -> 2024-08-20 | AA3: =MID(VLOOKUP(A3,Fechas_Estado!A:AE,26,0),12,8) -> 16:05:21 | AB3: =_xlfn.CONCAT(Z3," ",AA3) -> 2024-08-20 16:05:21 | AC3: =LEFT(VLOOKUP(A3,Fechas_Estado!A:AE,27,0),10) | AD3: =MID(VLOOKUP(A3,Fechas_Estado!A:AE,27,0),12,8) | AE3: =_xlfn.CONCAT(AC3," ",AD3) | AF3: =LEFT(VLOOKUP(A3,Fechas_Estado!A:AF,28,0),10) | AG3: =MID(VLOOKUP(A3,Fechas_Estado!A:AF,28,0),12,8) | AH3: =_xlfn.CONCAT(AF3," ",AG3) | AI3: =LEFT(VLOOKUP(A3,Fechas_Estado!A:AF,16,0),10) | AJ3: =MID(VLOOKUP(A3,Fechas_Estado!A:AF,16,0),12,8) | AK3: =_xlfn.CONCAT(AI3," ",AJ3) | AL3: =AK3-D3 -> #VALUE! | AM3: =LEFT(VLOOKUP(A3,Fechas_Estado!A:AE,8,0),10) | AN3: =MID(VLOOKUP(A3,Fechas_Estado!A:AE,8,0),12,8) | AO3: =_xlfn.CONCAT(AM3," ",AN3) | AP3: =LEFT(VLOOKUP(A3,Fechas_Estado!A:AE,7,0),10) | AQ3: =MID(VLOOKUP(A3,Fechas_Estado!A:AE,7,0),12,8) | AR3: =_xlfn.CONCAT(AP3," ",AQ3) | AS3: =LEFT(VLOOKUP(A3, Fechas_Estado!A:AE,10,0),10) | AT3: =MID(VLOOKUP(A3, Fechas_Estado!A:AE,10,0),12,8) | AU3: =_xlfn.CONCAT(AS3," ",AT3) | AV3: =LEFT(VLOOKUP(A3, Fechas_Estado!A:AE,17,0),10) | AW3: =MID(VLOOKUP(A3, Fechas_Estado!A:AE,17,0),12,8) | AX3: =_xlfn.CONCAT(AV3," ",AW3) | AY3: =AX3-AO3 -> #VALUE! | AZ3: º | BA3: =MID(VLOOKUP(A3, Fechas_Estado!A:AE,5,0),12,8) -> 13:46:39 | BB3: =_xlfn.CONCAT(AZ3," ",BA3) -> º 13:46:39 | BC3: =BB3-AX3 -> #VALUE!
A4: =Fechas_Estado!A3 -> ESPC360-10203 | B4: =LEFT(VLOOKUP(A4,Fechas_Estado!A:AE,2,0),10) -> 2024-07-22 | C4: =MID(VLOOKUP(A4, Fechas_Estado!A:AE,2,0),12,8) -> 15:53:14 | D4: =_xlfn.CONCAT(B4," ",C4) -> 2024-07-22 15:53:14 | E4: =LEFT(VLOOKUP(A4, Fechas_Estado!A:AE,19,0),10) | F4: =MID(VLOOKUP(A4, Fechas_Estado!A:AE,19,0),12,8) | G4: =_xlfn.CONCAT(E4," ",F4) | H4: =LEFT(VLOOKUP(A4, Fechas_Estado!A:AE,20,0),10) | I4: =MID(VLOOKUP(A4, Fechas_Estado!A:AE,20,0),12,8) | J4: =_xlfn.CONCAT(H4," ",I4) | K4: =LEFT(VLOOKUP(A4, Fechas_Estado!A:AE,21,0),10) | L4: =MID(VLOOKUP(A4, Fechas_Estado!A:AE,21,0),12,8) | M4: =_xlfn.CONCAT(K4," ",L4) | N4: =LEFT(VLOOKUP(A4, Fechas_Estado!A:AE,22,0),10) | O4: =MID(VLOOKUP(A4, Fechas_Estado!A:AE,22,0),12,8) | P4: =_xlfn.CONCAT(N4," ",O4) | Q4: =LEFT(VLOOKUP(A4, Fechas_Estado!A:AE,23,0),10) | R4: =MID(VLOOKUP(A4, Fechas_Estado!A:AE,23,0),12,8) | S4: =_xlfn.CONCAT(Q4," ",R4) | T4: =LEFT(VLOOKUP(A4, Fechas_Estado!A:AE,24,0),10) | U4: =MID(VLOOKUP(A4, Fechas_Estado!A:AE,24,0),12,8) | V4: =_xlfn.CONCAT(T4," ",U4) | W4: =LEFT(VLOOKUP(A4, Fechas_Estado!A:AE,25,0),10) -> 2024-07-24 | X4: =MID(VLOOKUP(A4, Fechas_Estado!A:AE,25,0),12,8) -> 08:58:21 | Y4: =_xlfn.CONCAT(W4," ",X4) -> 2024-07-24 08:58:21 | Z4: =LEFT(VLOOKUP(A4, Fechas_Estado!A:AE,26,0),10) -> 2024-07-24 | AA4: =MID(VLOOKUP(A4, Fechas_Estado!A:AE,26,0),12,8) -> 11:46:40 | AB4: =_xlfn.CONCAT(Z4," ",AA4) -> 2024-07-24 11:46:40 | AC4: =LEFT(VLOOKUP(A4, Fechas_Estado!A:AE,27,0),10) -> 2024-07-24 | AD4: =MID(VLOOKUP(A4, Fechas_Estado!A:AE,27,0),12,8) -> 12:20:06 | AE4: =_xlfn.CONCAT(AC4," ",AD4) -> 2024-07-24 12:20:06 | AF4: =LEFT(VLOOKUP(A4,Fechas_Estado!A:AF,28,0),10) -> 2024-07-24 | AG4: =MID(VLOOKUP(A4, Fechas_Estado!A:AF,28,0),12,8) -> 12:20:17 | AH4: =_xlfn.CONCAT(AF4," ",AG4) -> 2024-07-24 12:20:17 | AI4: =LEFT(VLOOKUP(A4, Fechas_Estado!A:AF,16,0),10) | AJ4: =MID(VLOOKUP(A4, Fechas_Estado!A:AF,16,0),12,8) | AK4: =_xlfn.CONCAT(AI4," ",AJ4) | AL4: =AK4-D4 -> #VALUE! | AM4: =LEFT(VLOOKUP(A4, Fechas_Estado!A:AE,8,0),10) | AN4: =MID(VLOOKUP(A4, Fechas_Estado!A:AE,8,0),12,8) | AO4: =_xlfn.CONCAT(AM4," ",AN4) | AP4: =LEFT(VLOOKUP(A4, Fechas_Estado!A:AE,7,0),10) | AQ4: =MID(VLOOKUP(A4, Fechas_Estado!A:AE,7,0),12,8) | AR4: =_xlfn.CONCAT(AP4," ",AQ4) | AS4: =LEFT(VLOOKUP(A4, Fechas_Estado!A:AE,10,0),10) | AT4: =MID(VLOOKUP(A4, Fechas_Estado!A:AE,10,0),12,8) | AU4: =_xlfn.CONCAT(AS4," ",AT4) | AV4: =LEFT(VLOOKUP(A4, Fechas_Estado!A:AE,17,0),10) | AW4: =MID(VLOOKUP(A4, Fechas_Estado!A:AE,17,0),12,8) | AX4: =_xlfn.CONCAT(AV4," ",AW4) | AY4: =AX4-AO4 -> #VALUE! | AZ4: =LEFT(VLOOKUP(A4, Fechas_Estado!A:AE,5,0),10) | BA4: =MID(VLOOKUP(A4, Fechas_Estado!A:AE,5,0),12,8) | BB4: =_xlfn.CONCAT(AZ4," ",BA4) | BC4: =BB4-AX4 -> #VALUE!
A5: =Fechas_Estado!A4 -> ESPC360-10218 | B5: =LEFT(VLOOKUP(A5,Fechas_Estado!A:AE,2,0),10) -> 2024-07-23 | C5: =MID(VLOOKUP(A5, Fechas_Estado!A:AE,2,0),12,8) -> 11:01:18 | D5: =_xlfn.CONCAT(B5," ",C5) -> 2024-07-23 11:01:18 | E5: =LEFT(VLOOKUP(A5, Fechas_Estado!A:AE,19,0),10) | F5: =MID(VLOOKUP(A5, Fechas_Estado!A:AE,19,0),12,8) | G5: =_xlfn.CONCAT(E5," ",F5) | H5: =LEFT(VLOOKUP(A5, Fechas_Estado!A:AE,20,0),10) | I5: =MID(VLOOKUP(A5, Fechas_Estado!A:AE,20,0),12,8) | J5: =_xlfn.CONCAT(H5," ",I5) | K5: =LEFT(VLOOKUP(A5, Fechas_Estado!A:AE,21,0),10) | L5: =MID(VLOOKUP(A5, Fechas_Estado!A:AE,21,0),12,8) | M5: =_xlfn.CONCAT(K5," ",L5) | N5: =LEFT(VLOOKUP(A5, Fechas_Estado!A:AE,22,0),10) | O5: =MID(VLOOKUP(A5, Fechas_Estado!A:AE,22,0),12,8) | P5: =_xlfn.CONCAT(N5," ",O5) | Q5: =LEFT(VLOOKUP(A5, Fechas_Estado!A:AE,23,0),10) | R5: =MID(VLOOKUP(A5, Fechas_Estado!A:AE,23,0),12,8) | S5: =_xlfn.CONCAT(Q5," ",R5) | T5: =LEFT(VLOOKUP(A5, Fechas_Estado!A:AE,24,0),10) | U5: =MID(VLOOKUP(A5, Fechas_Estado!A:AE,24,0),12,8) | V5: =_xlfn.CONCAT(T5," ",U5) | W5: =LEFT(VLOOKUP(A5, Fechas_Estado!A:AE,25,0),10) -> 2024-07-23 | X5: =MID(VLOOKUP(A5, Fechas_Estado!A:AE,25,0),12,8) -> 11:01:31 | Y5: =_xlfn.CONCAT(W5," ",X5) -> 2024-07-23 11:01:31 | Z5: =LEFT(VLOOKUP(A5, Fechas_Estado!A:AE,26,0),10) -> 2024-08-20 | AA5: =MID(VLOOKUP(A5, Fechas_Estado!A:AE,26,0),12,8) -> 16:11:26 | AB5: =_xlfn.CONCAT(Z5," ",AA5) -> 2024-08-20 16:11:26 | AC5: =LEFT(VLOOKUP(A5, Fechas_Estado!A:AE,27,0),10) | AD5: =MID(VLOOKUP(A5, Fechas_Estado!A:AE,27,0),12,8) | AE5: =_xlfn.CONCAT(AC5," ",AD5) | AF5: =LEFT(VLOOKUP(A5, Fechas_Estado!A:AF,28,0),10) | AG5: =MID(VLOOKUP(A5, Fechas_Estado!A:AF,28,0),12,8) | AH5: =_xlfn.CONCAT(AF5," ",AG5) | AI5: =LEFT(VLOOKUP(A5, Fechas_Estado!A:AF,16,0),10) | AJ5: =MID(VLOOKUP(A5, Fechas_Estado!A:AF,16,0),12,8) | AK5: =_xlfn.CONCAT(AI5," ",AJ5) | AL5: =AK5-D5 -> #VALUE! | AM5: =LEFT(VLOOKUP(A5, Fechas_Estado!A:AE,8,0),10) | AN5: =MID(VLOOKUP(A5, Fechas_Estado!A:AE,8,0),12,8) | AO5: =_xlfn.CONCAT(AM5," ",AN5) | AP5: =LEFT(VLOOKUP(A5, Fechas_Estado!A:AE,7,0),10) | AQ5: =MID(VLOOKUP(A5, Fechas_Estado!A:AE,7,0),12,8) | AR5: =_xlfn.CONCAT(AP5," ",AQ5) | AS5: =LEFT(VLOOKUP(A5, Fechas_Estado!A:AE,10,0),10) | AT5: =MID(VLOOKUP(A5, Fechas_Estado!A:AE,10,0),12,8) | AU5: =_xlfn.CONCAT(AS5," ",AT5) | AV5: =LEFT(VLOOKUP(A5, Fechas_Estado!A:AE,17,0),10) | AW5: =MID(VLOOKUP(A5, Fechas_Estado!A:AE,17,0),12,8) | AX5: =_xlfn.CONCAT(AV5," ",AW5) | AY5: =AX5-AO5 -> #VALUE! | AZ5: =LEFT(VLOOKUP(A5, Fechas_Estado!A:AE,5,0),10) -> 2024-09-06 | BA5: =MID(VLOOKUP(A5, Fechas_Estado!A:AE,5,0),12,8) -> 13:46:55 | BB5: =_xlfn.CONCAT(AZ5," ",BA5) -> 2024-09-06 13:46:55 | BC5: =BB5-AX5 -> #VALUE!
A6: =Fechas_Estado!A5 -> ESPC360-10231 | B6: =LEFT(VLOOKUP(A6,Fechas_Estado!A:AE,2,0),10) -> 2024-07-23 | C6: =MID(VLOOKUP(A6, Fechas_Estado!A:AE,2,0),12,8) -> 12:29:10 | D6: =_xlfn.CONCAT(B6," ",C6) -> 2024-07-23 12:29:10 | E6: =LEFT(VLOOKUP(A6, Fechas_Estado!A:AE,19,0),10) | F6: =MID(VLOOKUP(A6, Fechas_Estado!A:AE,19,0),12,8) | G6: =_xlfn.CONCAT(E6," ",F6) | H6: =LEFT(VLOOKUP(A6, Fechas_Estado!A:AE,20,0),10) | I6: =MID(VLOOKUP(A6, Fechas_Estado!A:AE,20,0),12,8) | J6: =_xlfn.CONCAT(H6," ",I6) | K6: =LEFT(VLOOKUP(A6, Fechas_Estado!A:AE,21,0),10) | L6: =MID(VLOOKUP(A6, Fechas_Estado!A:AE,21,0),12,8) | M6: =_xlfn.CONCAT(K6," ",L6) | N6: =LEFT(VLOOKUP(A6, Fechas_Estado!A:AE,22,0),10) | O6: =MID(VLOOKUP(A6, Fechas_Estado!A:AE,22,0),12,8) | P6: =_xlfn.CONCAT(N6," ",O6) | Q6: =LEFT(VLOOKUP(A6, Fechas_Estado!A:AE,23,0),10) | R6: =MID(VLOOKUP(A6, Fechas_Estado!A:AE,23,0),12,8) | S6: =_xlfn.CONCAT(Q6," ",R6) | T6: =LEFT(VLOOKUP(A6, Fechas_Estado!A:AE,24,0),10) | U6: =MID(VLOOKUP(A6, Fechas_Estado!A:AE,24,0),12,8) | V6: =_xlfn.CONCAT(T6," ",U6) | W6: =LEFT(VLOOKUP(A6, Fechas_Estado!A:AE,25,0),10) -> 2024-08-13 | X6: =MID(VLOOKUP(A6, Fechas_Estado!A:AE,25,0),12,8) -> 12:54:16 | Y6: =_xlfn.CONCAT(W6," ",X6) -> 2024-08-13 12:54:16 | Z6: =LEFT(VLOOKUP(A6, Fechas_Estado!A:AE,26,0),10) -> 2024-08-13 | AA6: =MID(VLOOKUP(A6, Fechas_Estado!A:AE,26,0),12,8) -> 12:50:54 | AB6: =_xlfn.CONCAT(Z6," ",AA6) -> 2024-08-13 12:50:54 | AC6: =LEFT(VLOOKUP(A6, Fechas_Estado!A:AE,27,0),10) -> 2024-08-06 | AD6: =MID(VLOOKUP(A6, Fechas_Estado!A:AE,27,0),12,8) -> 09:36:12 | AE6: =_xlfn.CONCAT(AC6," ",AD6) -> 2024-08-06 09:36:12 | AF6: =LEFT(VLOOKUP(A6, Fechas_Estado!A:AF,28,0),10) -> 2024-07-24 | AG6: =MID(VLOOKUP(A6, Fechas_Estado!A:AF,28,0),12,8) -> 12:20:17 | AH6: =_xlfn.CONCAT(AF6," ",AG6) -> 2024-07-24 12:20:17 | AI6: =LEFT(VLOOKUP(A6, Fechas_Estado!A:AF,16,0),10) -> 2024-08-20 | AJ6: =MID(VLOOKUP(A6, Fechas_Estado!A:AF,16,0),12,8) -> 11:09:55 | AK6: =_xlfn.CONCAT(AI6," ",AJ6) -> 2024-08-20 11:09:55 | AL6: =AK6-D6 -> 27.944965 | AM6: =LEFT(VLOOKUP(A6, Fechas_Estado!A:AE,8,0),10) -> 2024-08-20 | AN6: =MID(VLOOKUP(A6, Fechas_Estado!A:AE,8,0),12,8) -> 11:20:23 | AO6: =_xlfn.CONCAT(AM6," ",AN6) -> 2024-08-20 11:20:23 | AP6: =LEFT(VLOOKUP(A6, Fechas_Estado!A:AE,7,0),10) -> 2024-08-20 | AQ6: =MID(VLOOKUP(A6, Fechas_Estado!A:AE,7,0),12,8) -> 11:20:26 | AR6: =_xlfn.CONCAT(AP6," ",AQ6) -> 2024-08-20 11:20:26 | AS6: =LEFT(VLOOKUP(A6, Fechas_Estado!A:AE,10,0),10) -> 2024-08-20 | AT6: =MID(VLOOKUP(A6, Fechas_Estado!A:AE,10,0),12,8) -> 11:20:28 | AU6: =_xlfn.CONCAT(AS6," ",AT6) -> 2024-08-20 11:20:28 | AV6: =LEFT(VLOOKUP(A6, Fechas_Estado!A:AE,17,0),10) -> 2024-08-20 | AW6: =MID(VLOOKUP(A6, Fechas_Estado!A:AE,17,0),12,8) -> 17:45:23 | AX6: =_xlfn.CONCAT(AV6," ",AW6) -> 2024-08-20 17:45:23 | AY6: =AX6-AO6 -> 0.26736111 | AZ6: =LEFT(VLOOKUP(A6, Fechas_Estado!A:AE,5,0),10) -> 2024-08-26 | BA6: =MID(VLOOKUP(A6, Fechas_Estado!A:AE,5,0),12,8) -> 08:14:17 | BB6: =_xlfn.CONCAT(AZ6," ",BA6) -> 2024-08-26 08:14:17 | BC6: =BB6-AX6 -> 5.6034028
A7: =Fechas_Estado!A6 -> ESPC360-10232 | B7: =LEFT(VLOOKUP(A7,Fechas_Estado!A:AE,2,0),10) -> 2024-07-23 | C7: =MID(VLOOKUP(A7, Fechas_Estado!A:AE,2,0),12,8) -> 12:39:44 | D7: =_xlfn.CONCAT(B7," ",C7) -> 2024-07-23 12:39:44 | E7: =LEFT(VLOOKUP(A7, Fechas_Estado!A:AE,19,0),10) | F7: =MID(VLOOKUP(A7, Fechas_Estado!A:AE,19,0),12,8) | G7: =_xlfn.CONCAT(E7," ",F7) | H7: =LEFT(VLOOKUP(A7, Fechas_Estado!A:AE,20,0),10) | I7: =MID(VLOOKUP(A7, Fechas_Estado!A:AE,20,0),12,8) | J7: =_xlfn.CONCAT(H7," ",I7) | K7: =LEFT(VLOOKUP(A7, Fechas_Estado!A:AE,21,0),10) | L7: =MID(VLOOKUP(A7, Fechas_Estado!A:AE,21,0),12,8) | M7: =_xlfn.CONCAT(K7," ",L7) | N7: =LEFT(VLOOKUP(A7, Fechas_Estado!A:AE,22,0),10) | O7: =MID(VLOOKUP(A7, Fechas_Estado!A:AE,22,0),12,8) | P7: =_xlfn.CONCAT(N7," ",O7) | Q7: =LEFT(VLOOKUP(A7, Fechas_Estado!A:AE,23,0),10) | R7: =MID(VLOOKUP(A7, Fechas_Estado!A:AE,23,0),12,8) | S7: =_xlfn.CONCAT(Q7," ",R7) | T7: =LEFT(VLOOKUP(A7, Fechas_Estado!A:AE,24,0),10) | U7: =MID(VLOOKUP(A7, Fechas_Estado!A:AE,24,0),12,8) | V7: =_xlfn.CONCAT(T7," ",U7) | W7: =LEFT(VLOOKUP(A7, Fechas_Estado!A:AE,25,0),10) -> 2024-07-24 | X7: =MID(VLOOKUP(A7, Fechas_Estado!A:AE,25,0),12,8) -> 08:57:58 | Y7: =_xlfn.CONCAT(W7," ",X7) -> 2024-07-24 08:57:58 | Z7: =LEFT(VLOOKUP(A7, Fechas_Estado!A:AE,26,0),10) -> 2024-07-24 | AA7: =MID(VLOOKUP(A7, Fechas_Estado!A:AE,26,0),12,8) -> 12:04:06 | AB7: =_xlfn.CONCAT(Z7," ",AA7) -> 2024-07-24 12:04:06 | AC7: =LEFT(VLOOKUP(A7, Fechas_Estado!A:AE,27,0),10) -> 2024-07-24 | AD7: =MID(VLOOKUP(A7, Fechas_Estado!A:AE,27,0),12,8) -> 12:20:07 | AE7: =_xlfn.CONCAT(AC7," ",AD7) -> 2024-07-24 12:20:07 | AF7: =LEFT(VLOOKUP(A7, Fechas_Estado!A:AF,28,0),10) -> 2024-07-24 | AG7: =MID(VLOOKUP(A7, Fechas_Estado!A:AF,28,0),12,8) -> 12:20:18 | AH7: =_xlfn.CONCAT(AF7," ",AG7) -> 2024-07-24 12:20:18 | AI7: =LEFT(VLOOKUP(A7, Fechas_Estado!A:AF,16,0),10) | AJ7: =MID(VLOOKUP(A7, Fechas_Estado!A:AF,16,0),12,8) | AK7: =_xlfn.CONCAT(AI7," ",AJ7) | AL7: =AK7-D7 -> #VALUE! | AM7: =LEFT(VLOOKUP(A7, Fechas_Estado!A:AE,8,0),10) | AN7: =MID(VLOOKUP(A7, Fechas_Estado!A:AE,8,0),12,8) | AO7: =_xlfn.CONCAT(AM7," ",AN7) | AP7: =LEFT(VLOOKUP(A7, Fechas_Estado!A:AE,7,0),10) | AQ7: =MID(VLOOKUP(A7, Fechas_Estado!A:AE,7,0),12,8) | AR7: =_xlfn.CONCAT(AP7," ",AQ7) | AS7: =LEFT(VLOOKUP(A7, Fechas_Estado!A:AE,10,0),10) | AT7: =MID(VLOOKUP(A7, Fechas_Estado!A:AE,10,0),12,8) | AU7: =_xlfn.CONCAT(AS7," ",AT7) | AV7: =LEFT(VLOOKUP(A7, Fechas_Estado!A:AE,17,0),10) | AW7: =MID(VLOOKUP(A7, Fechas_Estado!A:AE,17,0),12,8) | AX7: =_xlfn.CONCAT(AV7," ",AW7) | AY7: =AX7-AO7 -> #VALUE! | AZ7: =LEFT(VLOOKUP(A7, Fechas_Estado!A:AE,5,0),10) | BA7: =MID(VLOOKUP(A7, Fechas_Estado!A:AE,5,0),12,8) | BB7: =_xlfn.CONCAT(AZ7," ",BA7) | BC7: =BB7-AX7 -> #VALUE!
A8: =Fechas_Estado!A7 -> ESPC360-10233 | B8: =LEFT(VLOOKUP(A8,Fechas_Estado!A:AE,2,0),10) -> 2024-07-23 | C8: =MID(VLOOKUP(A8, Fechas_Estado!A:AE,2,0),12,8) -> 12:49:36 | D8: =_xlfn.CONCAT(B8," ",C8) -> 2024-07-23 12:49:36 | E8: =LEFT(VLOOKUP(A8, Fechas_Estado!A:AE,19,0),10) | F8: =MID(VLOOKUP(A8, Fechas_Estado!A:AE,19,0),12,8) | G8: =_xlfn.CONCAT(E8," ",F8) | H8: =LEFT(VLOOKUP(A8, Fechas_Estado!A:AE,20,0),10) | I8: =MID(VLOOKUP(A8, Fechas_Estado!A:AE,20,0),12,8) | J8: =_xlfn.CONCAT(H8," ",I8) | K8: =LEFT(VLOOKUP(A8, Fechas_Estado!A:AE,21,0),10) | L8: =MID(VLOOKUP(A8, Fechas_Estado!A:AE,21,0),12,8) | M8: =_xlfn.CONCAT(K8," ",L8) | N8: =LEFT(VLOOKUP(A8, Fechas_Estado!A:AE,22,0),10) | O8: =MID(VLOOKUP(A8, Fechas_Estado!A:AE,22,0),12,8) | P8: =_xlfn.CONCAT(N8," ",O8) | Q8: =LEFT(VLOOKUP(A8, Fechas_Estado!A:AE,23,0),10) | R8: =MID(VLOOKUP(A8, Fechas_Estado!A:AE,23,0),12,8) | S8: =_xlfn.CONCAT(Q8," ",R8) | T8: =LEFT(VLOOKUP(A8, Fechas_Estado!A:AE,24,0),10) | U8: =MID(VLOOKUP(A8, Fechas_Estado!A:AE,24,0),12,8) | V8: =_xlfn.CONCAT(T8," ",U8) | W8: =LEFT(VLOOKUP(A8, Fechas_Estado!A:AE,25,0),10) -> 2024-07-24 | X8: =MID(VLOOKUP(A8, Fechas_Estado!A:AE,25,0),12,8) -> 08:57:42 | Y8: =_xlfn.CONCAT(W8," ",X8) -> 2024-07-24 08:57:42 | Z8: =LEFT(VLOOKUP(A8, Fechas_Estado!A:AE,26,0),10) -> 2024-07-24 | AA8: =MID(VLOOKUP(A8, Fechas_Estado!A:AE,26,0),12,8) -> 12:03:57 | AB8: =_xlfn.CONCAT(Z8," ",AA8) -> 2024-07-24 12:03:57 | AC8: =LEFT(VLOOKUP(A8, Fechas_Estado!A:AE,27,0),10) -> 2024-07-24 | AD8: =MID(VLOOKUP(A8, Fechas_Estado!A:AE,27,0),12,8) -> 12:20:07 | AE8: =_xlfn.CONCAT(AC8," ",AD8) -> 2024-07-24 12:20:07 | AF8: =LEFT(VLOOKUP(A8, Fechas_Estado!A:AF,28,0),10) -> 2024-07-24 | AG8: =MID(VLOOKUP(A8, Fechas_Estado!A:AF,28,0),12,8) -> 12:20:18 | AH8: =_xlfn.CONCAT(AF8," ",AG8) -> 2024-07-24 12:20:18 | AI8: =LEFT(VLOOKUP(A8, Fechas_Estado!A:AF,16,0),10) | AJ8: =MID(VLOOKUP(A8, Fechas_Estado!A:AF,16,0),12,8) | AK8: =_xlfn.CONCAT(AI8," ",AJ8) | AL8: =AK8-D8 -> #VALUE! | AM8: =LEFT(VLOOKUP(A8, Fechas_Estado!A:AE,8,0),10) | AN8: =MID(VLOOKUP(A8, Fechas_Estado!A:AE,8,0),12,8) | AO8: =_xlfn.CONCAT(AM8," ",AN8) | AP8: =LEFT(VLOOKUP(A8, Fechas_Estado!A:AE,7,0),10) | AQ8: =MID(VLOOKUP(A8, Fechas_Estado!A:AE,7,0),12,8) | AR8: =_xlfn.CONCAT(AP8," ",AQ8) | AS8: =LEFT(VLOOKUP(A8, Fechas_Estado!A:AE,10,0),10) | AT8: =MID(VLOOKUP(A8, Fechas_Estado!A:AE,10,0),12,8) | AU8: =_xlfn.CONCAT(AS8," ",AT8) | AV8: =LEFT(VLOOKUP(A8, Fechas_Estado!A:AE,17,0),10) | AW8: =MID(VLOOKUP(A8, Fechas_Estado!A:AE,17,0),12,8) | AX8: =_xlfn.CONCAT(AV8," ",AW8) | AY8: =AX8-AO8 -> #VALUE! | AZ8: =LEFT(VLOOKUP(A8, Fechas_Estado!A:AE,5,0),10) | BA8: =MID(VLOOKUP(A8, Fechas_Estado!A:AE,5,0),12,8) | BB8: =_xlfn.CONCAT(AZ8," ",BA8) | BC8: =BB8-AX8 -> #VALUE!
A9: =Fechas_Estado!A8 -> ESPC360-10234 | B9: =LEFT(VLOOKUP(A9,Fechas_Estado!A:AE,2,0),10) -> 2024-07-23 | C9: =MID(VLOOKUP(A9, Fechas_Estado!A:AE,2,0),12,8) -> 12:57:34 | D9: =_xlfn.CONCAT(B9," ",C9) -> 2024-07-23 12:57:34 | E9: =LEFT(VLOOKUP(A9, Fechas_Estado!A:AE,19,0),10) | F9: =MID(VLOOKUP(A9, Fechas_Estado!A:AE,19,0),12,8) | G9: =_xlfn.CONCAT(E9," ",F9) | H9: =LEFT(VLOOKUP(A9, Fechas_Estado!A:AE,20,0),10) | I9: =MID(VLOOKUP(A9, Fechas_Estado!A:AE,20,0),12,8) | J9: =_xlfn.CONCAT(H9," ",I9) | K9: =LEFT(VLOOKUP(A9, Fechas_Estado!A:AE,21,0),10) | L9: =MID(VLOOKUP(A9, Fechas_Estado!A:AE,21,0),12,8) | M9: =_xlfn.CONCAT(K9," ",L9) | N9: =LEFT(VLOOKUP(A9, Fechas_Estado!A:AE,22,0),10) | O9: =MID(VLOOKUP(A9, Fechas_Estado!A:AE,22,0),12,8) | P9: =_xlfn.CONCAT(N9," ",O9) | Q9: =LEFT(VLOOKUP(A9, Fechas_Estado!A:AE,23,0),10) | R9: =MID(VLOOKUP(A9, Fechas_Estado!A:AE,23,0),12,8) | S9: =_xlfn.CONCAT(Q9," ",R9) | T9: =LEFT(VLOOKUP(A9, Fechas_Estado!A:AE,24,0),10) | U9: =MID(VLOOKUP(A9, Fechas_Estado!A:AE,24,0),12,8) | V9: =_xlfn.CONCAT(T9," ",U9) | W9: =LEFT(VLOOKUP(A9, Fechas_Estado!A:AE,25,0),10) -> 2024-08-06 | X9: =MID(VLOOKUP(A9, Fechas_Estado!A:AE,25,0),12,8) -> 09:36:22 | Y9: =_xlfn.CONCAT(W9," ",X9) -> 2024-08-06 09:36:22 | Z9: =LEFT(VLOOKUP(A9, Fechas_Estado!A:AE,26,0),10) -> 2024-08-06 | AA9: =MID(VLOOKUP(A9, Fechas_Estado!A:AE,26,0),12,8) -> 09:36:17 | AB9: =_xlfn.CONCAT(Z9," ",AA9) -> 2024-08-06 09:36:17 | AC9: =LEFT(VLOOKUP(A9, Fechas_Estado!A:AE,27,0),10) -> 2024-08-06 | AD9: =MID(VLOOKUP(A9, Fechas_Estado!A:AE,27,0),12,8) -> 09:36:13 | AE9: =_xlfn.CONCAT(AC9," ",AD9) -> 2024-08-06 09:36:13 | AF9: =LEFT(VLOOKUP(A9, Fechas_Estado!A:AF,28,0),10) -> 2024-07-24 | AG9: =MID(VLOOKUP(A9, Fechas_Estado!A:AF,28,0),12,8) -> 12:20:18 | AH9: =_xlfn.CONCAT(AF9," ",AG9) -> 2024-07-24 12:20:18 | AI9: =LEFT(VLOOKUP(A9, Fechas_Estado!A:AF,16,0),10) | AJ9: =MID(VLOOKUP(A9, Fechas_Estado!A:AF,16,0),12,8) | AK9: =_xlfn.CONCAT(AI9," ",AJ9) | AL9: =AK9-D9 -> #VALUE! | AM9: =LEFT(VLOOKUP(A9, Fechas_Estado!A:AE,8,0),10) | AN9: =MID(VLOOKUP(A9, Fechas_Estado!A:AE,8,0),12,8) | AO9: =_xlfn.CONCAT(AM9," ",AN9) | AP9: =LEFT(VLOOKUP(A9, Fechas_Estado!A:AE,7,0),10) | AQ9: =MID(VLOOKUP(A9, Fechas_Estado!A:AE,7,0),12,8) | AR9: =_xlfn.CONCAT(AP9," ",AQ9) | AS9: =LEFT(VLOOKUP(A9, Fechas_Estado!A:AE,10,0),10) | AT9: =MID(VLOOKUP(A9, Fechas_Estado!A:AE,10,0),12,8) | AU9: =_xlfn.CONCAT(AS9," ",AT9) | AV9: =LEFT(VLOOKUP(A9, Fechas_Estado!A:AE,17,0),10) | AW9: =MID(VLOOKUP(A9, Fechas_Estado!A:AE,17,0),12,8) | AX9: =_xlfn.CONCAT(AV9," ",AW9) | AY9: =AX9-AO9 -> #VALUE! | AZ9: =LEFT(VLOOKUP(A9, Fechas_Estado!A:AE,5,0),10) -> 2024-08-12 | BA9: =MID(VLOOKUP(A9, Fechas_Estado!A:AE,5,0),12,8) -> 14:13:53 | BB9: =_xlfn.CONCAT(AZ9," ",BA9) -> 2024-08-12 14:13:53 | BC9: =BB9-AX9 -> #VALUE!
A10: =Fechas_Estado!A9 -> ESPC360-10238 | B10: =LEFT(VLOOKUP(A10,Fechas_Estado!A:AE,2,0),10) -> 2024-07-23 | C10: =MID(VLOOKUP(A10, Fechas_Estado!A:AE,2,0),12,8) -> 15:24:08 | D10: =_xlfn.CONCAT(B10," ",C10) -> 2024-07-23 15:24:08 | E10: =LEFT(VLOOKUP(A10, Fechas_Estado!A:AE,19,0),10) | F10: =MID(VLOOKUP(A10, Fechas_Estado!A:AE,19,0),12,8) | G10: =_xlfn.CONCAT(E10," ",F10) | H10: =LEFT(VLOOKUP(A10, Fechas_Estado!A:AE,20,0),10) | I10: =MID(VLOOKUP(A10, Fechas_Estado!A:AE,20,0),12,8) | J10: =_xlfn.CONCAT(H10," ",I10) | K10: =LEFT(VLOOKUP(A10, Fechas_Estado!A:AE,21,0),10) | L10: =MID(VLOOKUP(A10, Fechas_Estado!A:AE,21,0),12,8) | M10: =_xlfn.CONCAT(K10," ",L10) | N10: =LEFT(VLOOKUP(A10, Fechas_Estado!A:AE,22,0),10) | O10: =MID(VLOOKUP(A10, Fechas_Estado!A:AE,22,0),12,8) | P10: =_xlfn.CONCAT(N10," ",O10) | Q10: =LEFT(VLOOKUP(A10, Fechas_Estado!A:AE,23,0),10) | R10: =MID(VLOOKUP(A10, Fechas_Estado!A:AE,23,0),12,8) | S10: =_xlfn.CONCAT(Q10," ",R10) | T10: =LEFT(VLOOKUP(A10, Fechas_Estado!A:AE,24,0),10) | U10: =MID(VLOOKUP(A10, Fechas_Estado!A:AE,24,0),12,8) | V10: =_xlfn.CONCAT(T10," ",U10) | W10: =LEFT(VLOOKUP(A10, Fechas_Estado!A:AE,25,0),10) -> 2024-08-13 | X10: =MID(VLOOKUP(A10, Fechas_Estado!A:AE,25,0),12,8) -> 12:54:25 | Y10: =_xlfn.CONCAT(W10," ",X10) -> 2024-08-13 12:54:25 | Z10: =LEFT(VLOOKUP(A10, Fechas_Estado!A:AE,26,0),10) -> 2024-08-13 | AA10: =MID(VLOOKUP(A10, Fechas_Estado!A:AE,26,0),12,8) -> 12:50:47 | AB10: =_xlfn.CONCAT(Z10," ",AA10) -> 2024-08-13 12:50:47 | AC10: =LEFT(VLOOKUP(A10, Fechas_Estado!A:AE,27,0),10) -> 2024-08-06 | AD10: =MID(VLOOKUP(A10, Fechas_Estado!A:AE,27,0),12,8) -> 09:36:13 | AE10: =_xlfn.CONCAT(AC10," ",AD10) -> 2024-08-06 09:36:13 | AF10: =LEFT(VLOOKUP(A10, Fechas_Estado!A:AF,28,0),10) -> 2024-08-20 | AG10: =MID(VLOOKUP(A10, Fechas_Estado!A:AF,28,0),12,8) -> 13:00:46 | AH10: =_xlfn.CONCAT(AF10," ",AG10) -> 2024-08-20 13:00:46 | AI10: =LEFT(VLOOKUP(A10, Fechas_Estado!A:AF,16,0),10) -> 2024-08-20 | AJ10: =MID(VLOOKUP(A10, Fechas_Estado!A:AF,16,0),12,8) -> 11:10:13 | AK10: =_xlfn.CONCAT(AI10," ",AJ10) -> 2024-08-20 11:10:13 | AL10: =AK10-D10 -> 27.823669 | AM10: =LEFT(VLOOKUP(A10, Fechas_Estado!A:AE,8,0),10) -> 2024-08-20 | AN10: =MID(VLOOKUP(A10, Fechas_Estado!A:AE,8,0),12,8) -> 11:20:31 | AO10: =_xlfn.CONCAT(AM10," ",AN10) -> 2024-08-20 11:20:31 | AP10: =LEFT(VLOOKUP(A10, Fechas_Estado!A:AE,7,0),10) -> 2024-08-20 | AQ10: =MID(VLOOKUP(A10, Fechas_Estado!A:AE,7,0),12,8) -> 11:20:34 | AR10: =_xlfn.CONCAT(AP10," ",AQ10) -> 2024-08-20 11:20:34 | AS10: =LEFT(VLOOKUP(A10, Fechas_Estado!A:AE,10,0),10) -> 2024-08-20 | AT10: =MID(VLOOKUP(A10, Fechas_Estado!A:AE,10,0),12,8) -> 11:20:37 | AU10: =_xlfn.CONCAT(AS10," ",AT10) -> 2024-08-20 11:20:37 | AV10: =LEFT(VLOOKUP(A10, Fechas_Estado!A:AE,17,0),10) | AW10: =MID(VLOOKUP(A10, Fechas_Estado!A:AE,17,0),12,8) | AX10: =_xlfn.CONCAT(AV10," ",AW10) | AY10: =AX10-AO10 -> #VALUE! | AZ10: =LEFT(VLOOKUP(A10, Fechas_Estado!A:AE,5,0),10) -> 2024-08-26 | BA10: =MID(VLOOKUP(A10, Fechas_Estado!A:AE,5,0),12,8) -> 14:11:23 | BB10: =_xlfn.CONCAT(AZ10," ",BA10) -> 2024-08-26 14:11:23 | BC10: =BB10-AX10 -> #VALUE!
A11: =Fechas_Estado!A10 -> ESPC360-10239 | B11: =LEFT(VLOOKUP(A11,Fechas_Estado!A:AE,2,0),10) -> 2024-07-23 | C11: =MID(VLOOKUP(A11, Fechas_Estado!A:AE,2,0),12,8) -> 15:24:47 | D11: =_xlfn.CONCAT(B11," ",C11) -> 2024-07-23 15:24:47 | E11: =LEFT(VLOOKUP(A11, Fechas_Estado!A:AE,19,0),10) | F11: =MID(VLOOKUP(A11, Fechas_Estado!A:AE,19,0),12,8) | G11: =_xlfn.CONCAT(E11," ",F11) | H11: =LEFT(VLOOKUP(A11, Fechas_Estado!A:AE,20,0),10) | I11: =MID(VLOOKUP(A11, Fechas_Estado!A:AE,20,0),12,8) | J11: =_xlfn.CONCAT(H11," ",I11) | K11: =LEFT(VLOOKUP(A11, Fechas_Estado!A:AE,21,0),10) | L11: =MID(VLOOKUP(A11, Fechas_Estado!A:AE,21,0),12,8) | M11: =_xlfn.CONCAT(K11," ",L11) | N11: =LEFT(VLOOKUP(A11, Fechas_Estado!A:AE,22,0),10) | O11: =MID(VLOOKUP(A11, Fechas_Estado!A:AE,22,0),12,8) | P11: =_xlfn.CONCAT(N11," ",O11) | Q11: =LEFT(VLOOKUP(A11, Fechas_Estado!A:AE,23,0),10) | R11: =MID(VLOOKUP(A11, Fechas_Estado!A:AE,23,0),12,8) | S11: =_xlfn.CONCAT(Q11," ",R11) | T11: =LEFT(VLOOKUP(A11, Fechas_Estado!A:AE,24,0),10) | U11: =MID(VLOOKUP(A11, Fechas_Estado!A:AE,24,0),12,8) | V11: =_xlfn.CONCAT(T11," ",U11) | W11: =LEFT(VLOOKUP(A11, Fechas_Estado!A:AE,25,0),10) -> 2024-07-24 | X11: =MID(VLOOKUP(A11, Fechas_Estado!A:AE,25,0),12,8) -> 08:57:12 | Y11: =_xlfn.CONCAT(W11," ",X11) -> 2024-07-24 08:57:12 | Z11: =LEFT(VLOOKUP(A11, Fechas_Estado!A:AE,26,0),10) -> 2024-07-24 | AA11: =MID(VLOOKUP(A11, Fechas_Estado!A:AE,26,0),12,8) -> 12:03:34 | AB11: =_xlfn.CONCAT(Z11," ",AA11) -> 2024-07-24 12:03:34 | AC11: =LEFT(VLOOKUP(A11, Fechas_Estado!A:AE,27,0),10) -> 2024-07-24 | AD11: =MID(VLOOKUP(A11, Fechas_Estado!A:AE,27,0),12,8) -> 12:20:07 | AE11: =_xlfn.CONCAT(AC11," ",AD11) -> 2024-07-24 12:20:07 | AF11: =LEFT(VLOOKUP(A11, Fechas_Estado!A:AF,28,0),10) -> 2024-07-24 | AG11: =MID(VLOOKUP(A11, Fechas_Estado!A:AF,28,0),12,8) -> 12:20:18 | AH11: =_xlfn.CONCAT(AF11," ",AG11) -> 2024-07-24 12:20:18 | AI11: =LEFT(VLOOKUP(A11, Fechas_Estado!A:AF,16,0),10) | AJ11: =MID(VLOOKUP(A11, Fechas_Estado!A:AF,16,0),12,8) | AK11: =_xlfn.CONCAT(AI11," ",AJ11) | AL11: =AK11-D11 -> #VALUE! | AM11: =LEFT(VLOOKUP(A11, Fechas_Estado!A:AE,8,0),10) | AN11: =MID(VLOOKUP(A11, Fechas_Estado!A:AE,8,0),12,8) | AO11: =_xlfn.CONCAT(AM11," ",AN11) | AP11: =LEFT(VLOOKUP(A11, Fechas_Estado!A:AE,7,0),10) | AQ11: =MID(VLOOKUP(A11, Fechas_Estado!A:AE,7,0),12,8) | AR11: =_xlfn.CONCAT(AP11," ",AQ11) | AS11: =LEFT(VLOOKUP(A11, Fechas_Estado!A:AE,10,0),10) | AT11: =MID(VLOOKUP(A11, Fechas_Estado!A:AE,10,0),12,8) | AU11: =_xlfn.CONCAT(AS11," ",AT11) | AV11: =LEFT(VLOOKUP(A11, Fechas_Estado!A:AE,17,0),10) | AW11: =MID(VLOOKUP(A11, Fechas_Estado!A:AE,17,0),12,8) | AX11: =_xlfn.CONCAT(AV11," ",AW11) | AY11: =AX11-AO11 -> #VALUE! | AZ11: =LEFT(VLOOKUP(A11, Fechas_Estado!A:AE,5,0),10) | BA11: =MID(VLOOKUP(A11, Fechas_Estado!A:AE,5,0),12,8) | BB11: =_xlfn.CONCAT(AZ11," ",BA11) | BC11: =BB11-AX11 -> #VALUE!
A12: =Fechas_Estado!A11 -> ESPC360-10240 | B12: =LEFT(VLOOKUP(A12,Fechas_Estado!A:AE,2,0),10) -> 2024-07-23 | C12: =MID(VLOOKUP(A12, Fechas_Estado!A:AE,2,0),12,8) -> 15:25:08 | D12: =_xlfn.CONCAT(B12," ",C12) -> 2024-07-23 15:25:08 | E12: =LEFT(VLOOKUP(A12, Fechas_Estado!A:AE,19,0),10) | F12: =MID(VLOOKUP(A12, Fechas_Estado!A:AE,19,0),12,8) | G12: =_xlfn.CONCAT(E12," ",F12) | H12: =LEFT(VLOOKUP(A12, Fechas_Estado!A:AE,20,0),10) | I12: =MID(VLOOKUP(A12, Fechas_Estado!A:AE,20,0),12,8) | J12: =_xlfn.CONCAT(H12," ",I12) | K12: =LEFT(VLOOKUP(A12, Fechas_Estado!A:AE,21,0),10) | L12: =MID(VLOOKUP(A12, Fechas_Estado!A:AE,21,0),12,8) | M12: =_xlfn.CONCAT(K12," ",L12) | N12: =LEFT(VLOOKUP(A12, Fechas_Estado!A:AE,22,0),10) | O12: =MID(VLOOKUP(A12, Fechas_Estado!A:AE,22,0),12,8) | P12: =_xlfn.CONCAT(N12," ",O12) | Q12: =LEFT(VLOOKUP(A12, Fechas_Estado!A:AE,23,0),10) | R12: =MID(VLOOKUP(A12, Fechas_Estado!A:AE,23,0),12,8) | S12: =_xlfn.CONCAT(Q12," ",R12) | T12: =LEFT(VLOOKUP(A12, Fechas_Estado!A:AE,24,0),10) | U12: =MID(VLOOKUP(A12, Fechas_Estado!A:AE,24,0),12,8) | V12: =_xlfn.CONCAT(T12," ",U12) | W12: =LEFT(VLOOKUP(A12, Fechas_Estado!A:AE,25,0),10) -> 2024-07-24 | X12: =MID(VLOOKUP(A12, Fechas_Estado!A:AE,25,0),12,8) -> 08:57:05 | Y12: =_xlfn.CONCAT(W12," ",X12) -> 2024-07-24 08:57:05 | Z12: =LEFT(VLOOKUP(A12, Fechas_Estado!A:AE,26,0),10) -> 2024-07-24 | AA12: =MID(VLOOKUP(A12, Fechas_Estado!A:AE,26,0),12,8) -> 12:03:22 | AB12: =_xlfn.CONCAT(Z12," ",AA12) -> 2024-07-24 12:03:22 | AC12: =LEFT(VLOOKUP(A12, Fechas_Estado!A:AE,27,0),10) -> 2024-07-24 | AD12: =MID(VLOOKUP(A12, Fechas_Estado!A:AE,27,0),12,8) -> 12:20:08 | AE12: =_xlfn.CONCAT(AC12," ",AD12) -> 2024-07-24 12:20:08 | AF12: =LEFT(VLOOKUP(A12, Fechas_Estado!A:AF,28,0),10) -> 2024-07-24 | AG12: =MID(VLOOKUP(A12, Fechas_Estado!A:AF,28,0),12,8) -> 12:20:19 | AH12: =_xlfn.CONCAT(AF12," ",AG12) -> 2024-07-24 12:20:19 | AI12: =LEFT(VLOOKUP(A12, Fechas_Estado!A:AF,16,0),10) | AJ12: =MID(VLOOKUP(A12, Fechas_Estado!A:AF,16,0),12,8) | AK12: =_xlfn.CONCAT(AI12," ",AJ12) | AL12: =AK12-D12 -> #VALUE! | AM12: =LEFT(VLOOKUP(A12, Fechas_Estado!A:AE,8,0),10) | AN12: =MID(VLOOKUP(A12, Fechas_Estado!A:AE,8,0),12,8) | AO12: =_xlfn.CONCAT(AM12," ",AN12) | AP12: =LEFT(VLOOKUP(A12, Fechas_Estado!A:AE,7,0),10) | AQ12: =MID(VLOOKUP(A12, Fechas_Estado!A:AE,7,0),12,8) | AR12: =_xlfn.CONCAT(AP12," ",AQ12) | AS12: =LEFT(VLOOKUP(A12, Fechas_Estado!A:AE,10,0),10) | AT12: =MID(VLOOKUP(A12, Fechas_Estado!A:AE,10,0),12,8) | AU12: =_xlfn.CONCAT(AS12," ",AT12) | AV12: =LEFT(VLOOKUP(A12, Fechas_Estado!A:AE,17,0),10) | AW12: =MID(VLOOKUP(A12, Fechas_Estado!A:AE,17,0),12,8) | AX12: =_xlfn.CONCAT(AV12," ",AW12) | AY12: =AX12-AO12 -> #VALUE! | AZ12: =LEFT(VLOOKUP(A12, Fechas_Estado!A:AE,5,0),10) | BA12: =MID(VLOOKUP(A12, Fechas_Estado!A:AE,5,0),12,8) | BB12: =_xlfn.CONCAT(AZ12," ",BA12) | BC12: =BB12-AX12 -> #VALUE!
A13: =Fechas_Estado!A12 -> ESPC360-10241 | B13: =LEFT(VLOOKUP(A13,Fechas_Estado!A:AE,2,0),10) -> 2024-07-23 | C13: =MID(VLOOKUP(A13, Fechas_Estado!A:AE,2,0),12,8) -> 15:26:37 | D13: =_xlfn.CONCAT(B13," ",C13) -> 2024-07-23 15:26:37 | E13: =LEFT(VLOOKUP(A13, Fechas_Estado!A:AE,19,0),10) | F13: =MID(VLOOKUP(A13, Fechas_Estado!A:AE,19,0),12,8) | G13: =_xlfn.CONCAT(E13," ",F13) | H13: =LEFT(VLOOKUP(A13, Fechas_Estado!A:AE,20,0),10) | I13: =MID(VLOOKUP(A13, Fechas_Estado!A:AE,20,0),12,8) | J13: =_xlfn.CONCAT(H13," ",I13) | K13: =LEFT(VLOOKUP(A13, Fechas_Estado!A:AE,21,0),10) | L13: =MID(VLOOKUP(A13, Fechas_Estado!A:AE,21,0),12,8) | M13: =_xlfn.CONCAT(K13," ",L13) | N13: =LEFT(VLOOKUP(A13, Fechas_Estado!A:AE,22,0),10) | O13: =MID(VLOOKUP(A13, Fechas_Estado!A:AE,22,0),12,8) | P13: =_xlfn.CONCAT(N13," ",O13) | Q13: =LEFT(VLOOKUP(A13, Fechas_Estado!A:AE,23,0),10) | R13: =MID(VLOOKUP(A13, Fechas_Estado!A:AE,23,0),12,8) | S13: =_xlfn.CONCAT(Q13," ",R13) | T13: =LEFT(VLOOKUP(A13, Fechas_Estado!A:AE,24,0),10) | U13: =MID(VLOOKUP(A13, Fechas_Estado!A:AE,24,0),12,8) | V13: =_xlfn.CONCAT(T13," ",U13) | W13: =LEFT(VLOOKUP(A13, Fechas_Estado!A:AE,25,0),10) -> 2024-08-06 | X13: =MID(VLOOKUP(A13, Fechas_Estado!A:AE,25,0),12,8) -> 09:36:22 | Y13: =_xlfn.CONCAT(W13," ",X13) -> 2024-08-06 09:36:22 | Z13: =LEFT(VLOOKUP(A13, Fechas_Estado!A:AE,26,0),10) -> 2024-08-06 | AA13: =MID(VLOOKUP(A13, Fechas_Estado!A:AE,26,0),12,8) -> 09:36:19 | AB13: =_xlfn.CONCAT(Z13," ",AA13) -> 2024-08-06 09:36:19 | AC13: =LEFT(VLOOKUP(A13, Fechas_Estado!A:AE,27,0),10) -> 2024-08-06 | AD13: =MID(VLOOKUP(A13, Fechas_Estado!A:AE,27,0),12,8) -> 09:36:13 | AE13: =_xlfn.CONCAT(AC13," ",AD13) -> 2024-08-06 09:36:13 | AF13: =LEFT(VLOOKUP(A13, Fechas_Estado!A:AF,28,0),10) -> 2024-07-24 | AG13: =MID(VLOOKUP(A13, Fechas_Estado!A:AF,28,0),12,8) -> 12:20:19 | AH13: =_xlfn.CONCAT(AF13," ",AG13) -> 2024-07-24 12:20:19 | AI13: =LEFT(VLOOKUP(A13, Fechas_Estado!A:AF,16,0),10) | AJ13: =MID(VLOOKUP(A13, Fechas_Estado!A:AF,16,0),12,8) | AK13: =_xlfn.CONCAT(AI13," ",AJ13) | AL13: =AK13-D13 -> #VALUE! | AM13: =LEFT(VLOOKUP(A13, Fechas_Estado!A:AE,8,0),10) | AN13: =MID(VLOOKUP(A13, Fechas_Estado!A:AE,8,0),12,8) | AO13: =_xlfn.CONCAT(AM13," ",AN13) | AP13: =LEFT(VLOOKUP(A13, Fechas_Estado!A:AE,7,0),10) | AQ13: =MID(VLOOKUP(A13, Fechas_Estado!A:AE,7,0),12,8) | AR13: =_xlfn.CONCAT(AP13," ",AQ13) | AS13: =LEFT(VLOOKUP(A13, Fechas_Estado!A:AE,10,0),10) | AT13: =MID(VLOOKUP(A13, Fechas_Estado!A:AE,10,0),12,8) | AU13: =_xlfn.CONCAT(AS13," ",AT13) | AV13: =LEFT(VLOOKUP(A13, Fechas_Estado!A:AE,17,0),10) | AW13: =MID(VLOOKUP(A13, Fechas_Estado!A:AE,17,0),12,8) | AX13: =_xlfn.CONCAT(AV13," ",AW13) | AY13: =AX13-AO13 -> #VALUE! | AZ13: =LEFT(VLOOKUP(A13, Fechas_Estado!A:AE,5,0),10) -> 2024-08-12 | BA13: =MID(VLOOKUP(A13, Fechas_Estado!A:AE,5,0),12,8) -> 14:14:01 | BB13: =_xlfn.CONCAT(AZ13," ",BA13) -> 2024-08-12 14:14:01 | BC13: =BB13-AX13 -> #VALUE!
A14: =Fechas_Estado!A13 -> ESPC360-10242 | B14: =LEFT(VLOOKUP(A14,Fechas_Estado!A:AE,2,0),10) -> 2024-07-23 | C14: =MID(VLOOKUP(A14, Fechas_Estado!A:AE,2,0),12,8) -> 15:27:28 | D14: =_xlfn.CONCAT(B14," ",C14) -> 2024-07-23 15:27:28 | E14: =LEFT(VLOOKUP(A14, Fechas_Estado!A:AE,19,0),10) | F14: =MID(VLOOKUP(A14, Fechas_Estado!A:AE,19,0),12,8) | G14: =_xlfn.CONCAT(E14," ",F14) | H14: =LEFT(VLOOKUP(A14, Fechas_Estado!A:AE,20,0),10) | I14: =MID(VLOOKUP(A14, Fechas_Estado!A:AE,20,0),12,8) | J14: =_xlfn.CONCAT(H14," ",I14) | K14: =LEFT(VLOOKUP(A14, Fechas_Estado!A:AE,21,0),10) | L14: =MID(VLOOKUP(A14, Fechas_Estado!A:AE,21,0),12,8) | M14: =_xlfn.CONCAT(K14," ",L14) | N14: =LEFT(VLOOKUP(A14, Fechas_Estado!A:AE,22,0),10) | O14: =MID(VLOOKUP(A14, Fechas_Estado!A:AE,22,0),12,8) | P14: =_xlfn.CONCAT(N14," ",O14) | Q14: =LEFT(VLOOKUP(A14, Fechas_Estado!A:AE,23,0),10) | R14: =MID(VLOOKUP(A14, Fechas_Estado!A:AE,23,0),12,8) | S14: =_xlfn.CONCAT(Q14," ",R14) | T14: =LEFT(VLOOKUP(A14, Fechas_Estado!A:AE,24,0),10) | U14: =MID(VLOOKUP(A14, Fechas_Estado!A:AE,24,0),12,8) | V14: =_xlfn.CONCAT(T14," ",U14) | W14: =LEFT(VLOOKUP(A14, Fechas_Estado!A:AE,25,0),10) -> 2024-07-24 | X14: =MID(VLOOKUP(A14, Fechas_Estado!A:AE,25,0),12,8) -> 08:56:42 | Y14: =_xlfn.CONCAT(W14," ",X14) -> 2024-07-24 08:56:42 | Z14: =LEFT(VLOOKUP(A14, Fechas_Estado!A:AE,26,0),10) -> 2024-07-24 | AA14: =MID(VLOOKUP(A14, Fechas_Estado!A:AE,26,0),12,8) -> 12:02:06 | AB14: =_xlfn.CONCAT(Z14," ",AA14) -> 2024-07-24 12:02:06 | AC14: =LEFT(VLOOKUP(A14, Fechas_Estado!A:AE,27,0),10) -> 2024-07-24 | AD14: =MID(VLOOKUP(A14, Fechas_Estado!A:AE,27,0),12,8) -> 12:20:08 | AE14: =_xlfn.CONCAT(AC14," ",AD14) -> 2024-07-24 12:20:08 | AF14: =LEFT(VLOOKUP(A14, Fechas_Estado!A:AF,28,0),10) -> 2024-07-24 | AG14: =MID(VLOOKUP(A14, Fechas_Estado!A:AF,28,0),12,8) -> 12:20:19 | AH14: =_xlfn.CONCAT(AF14," ",AG14) -> 2024-07-24 12:20:19 | AI14: =LEFT(VLOOKUP(A14, Fechas_Estado!A:AF,16,0),10) | AJ14: =MID(VLOOKUP(A14, Fechas_Estado!A:AF,16,0),12,8) | AK14: =_xlfn.CONCAT(AI14," ",AJ14) | AL14: =AK14-D14 -> #VALUE! | AM14: =LEFT(VLOOKUP(A14, Fechas_Estado!A:AE,8,0),10) | AN14: =MID(VLOOKUP(A14, Fechas_Estado!A:AE,8,0),12,8) | AO14: =_xlfn.CONCAT(AM14," ",AN14) | AP14: =LEFT(VLOOKUP(A14, Fechas_Estado!A:AE,7,0),10) | AQ14: =MID(VLOOKUP(A14, Fechas_Estado!A:AE,7,0),12,8) | AR14: =_xlfn.CONCAT(AP14," ",AQ14) | AS14: =LEFT(VLOOKUP(A14, Fechas_Estado!A:AE,10,0),10) | AT14: =MID(VLOOKUP(A14, Fechas_Estado!A:AE,10,0),12,8) | AU14: =_xlfn.CONCAT(AS14," ",AT14) | AV14: =LEFT(VLOOKUP(A14, Fechas_Estado!A:AE,17,0),10) | AW14: =MID(VLOOKUP(A14, Fechas_Estado!A:AE,17,0),12,8) | AX14: =_xlfn.CONCAT(AV14," ",AW14) | AY14: =AX14-AO14 -> #VALUE! | AZ14: =LEFT(VLOOKUP(A14, Fechas_Estado!A:AE,5,0),10) | BA14: =MID(VLOOKUP(A14, Fechas_Estado!A:AE,5,0),12,8) | BB14: =_xlfn.CONCAT(AZ14," ",BA14) | BC14: =BB14-AX14 -> #VALUE!
A15: =Fechas_Estado!A14 -> ESPC360-10243 | B15: =LEFT(VLOOKUP(A15,Fechas_Estado!A:AE,2,0),10) -> 2024-07-23 | C15: =MID(VLOOKUP(A15, Fechas_Estado!A:AE,2,0),12,8) -> 15:29:02 | D15: =_xlfn.CONCAT(B15," ",C15) -> 2024-07-23 15:29:02 | E15: =LEFT(VLOOKUP(A15, Fechas_Estado!A:AE,19,0),10) | F15: =MID(VLOOKUP(A15, Fechas_Estado!A:AE,19,0),12,8) | G15: =_xlfn.CONCAT(E15," ",F15) | H15: =LEFT(VLOOKUP(A15, Fechas_Estado!A:AE,20,0),10) | I15: =MID(VLOOKUP(A15, Fechas_Estado!A:AE,20,0),12,8) | J15: =_xlfn.CONCAT(H15," ",I15) | K15: =LEFT(VLOOKUP(A15, Fechas_Estado!A:AE,21,0),10) | L15: =MID(VLOOKUP(A15, Fechas_Estado!A:AE,21,0),12,8) | M15: =_xlfn.CONCAT(K15," ",L15) | N15: =LEFT(VLOOKUP(A15, Fechas_Estado!A:AE,22,0),10) | O15: =MID(VLOOKUP(A15, Fechas_Estado!A:AE,22,0),12,8) | P15: =_xlfn.CONCAT(N15," ",O15) | Q15: =LEFT(VLOOKUP(A15, Fechas_Estado!A:AE,23,0),10) | R15: =MID(VLOOKUP(A15, Fechas_Estado!A:AE,23,0),12,8) | S15: =_xlfn.CONCAT(Q15," ",R15) | T15: =LEFT(VLOOKUP(A15, Fechas_Estado!A:AE,24,0),10) | U15: =MID(VLOOKUP(A15, Fechas_Estado!A:AE,24,0),12,8) | V15: =_xlfn.CONCAT(T15," ",U15) | W15: =LEFT(VLOOKUP(A15, Fechas_Estado!A:AE,25,0),10) -> 2024-07-24 | X15: =MID(VLOOKUP(A15, Fechas_Estado!A:AE,25,0),12,8) -> 08:56:35 | Y15: =_xlfn.CONCAT(W15," ",X15) -> 2024-07-24 08:56:35 | Z15: =LEFT(VLOOKUP(A15, Fechas_Estado!A:AE,26,0),10) -> 2024-07-24 | AA15: =MID(VLOOKUP(A15, Fechas_Estado!A:AE,26,0),12,8) -> 12:01:56 | AB15: =_xlfn.CONCAT(Z15," ",AA15) -> 2024-07-24 12:01:56 | AC15: =LEFT(VLOOKUP(A15, Fechas_Estado!A:AE,27,0),10) -> 2024-07-24 | AD15: =MID(VLOOKUP(A15, Fechas_Estado!A:AE,27,0),12,8) -> 12:20:08 | AE15: =_xlfn.CONCAT(AC15," ",AD15) -> 2024-07-24 12:20:08 | AF15: =LEFT(VLOOKUP(A15, Fechas_Estado!A:AF,28,0),10) -> 2024-07-24 | AG15: =MID(VLOOKUP(A15, Fechas_Estado!A:AF,28,0),12,8) -> 12:20:19 | AH15: =_xlfn.CONCAT(AF15," ",AG15) -> 2024-07-24 12:20:19 | AI15: =LEFT(VLOOKUP(A15, Fechas_Estado!A:AF,16,0),10) | AJ15: =MID(VLOOKUP(A15, Fechas_Estado!A:AF,16,0),12,8) | AK15: =_xlfn.CONCAT(AI15," ",AJ15) | AL15: =AK15-D15 -> #VALUE! | AM15: =LEFT(VLOOKUP(A15, Fechas_Estado!A:AE,8,0),10) | AN15: =MID(VLOOKUP(A15, Fechas_Estado!A:AE,8,0),12,8) | AO15: =_xlfn.CONCAT(AM15," ",AN15) | AP15: =LEFT(VLOOKUP(A15, Fechas_Estado!A:AE,7,0),10) | AQ15: =MID(VLOOKUP(A15, Fechas_Estado!A:AE,7,0),12,8) | AR15: =_xlfn.CONCAT(AP15," ",AQ15) | AS15: =LEFT(VLOOKUP(A15, Fechas_Estado!A:AE,10,0),10) | AT15: =MID(VLOOKUP(A15, Fechas_Estado!A:AE,10,0),12,8) | AU15: =_xlfn.CONCAT(AS15," ",AT15) | AV15: =LEFT(VLOOKUP(A15, Fechas_Estado!A:AE,17,0),10) | AW15: =MID(VLOOKUP(A15, Fechas_Estado!A:AE,17,0),12,8) | AX15: =_xlfn.CONCAT(AV15," ",AW15) | AY15: =AX15-AO15 -> #VALUE! | AZ15: =LEFT(VLOOKUP(A15, Fechas_Estado!A:AE,5,0),10) | BA15: =MID(VLOOKUP(A15, Fechas_Estado!A:AE,5,0),12,8) | BB15: =_xlfn.CONCAT(AZ15," ",BA15) | BC15: =BB15-AX15 -> #VALUE!
A16: =Fechas_Estado!A15 -> ESPC360-10404 | B16: =LEFT(VLOOKUP(A16,Fechas_Estado!A:AE,2,0),10) -> 2024-07-29 | C16: =MID(VLOOKUP(A16, Fechas_Estado!A:AE,2,0),12,8) -> 11:11:43 | D16: =_xlfn.CONCAT(B16," ",C16) -> 2024-07-29 11:11:43 | E16: =LEFT(VLOOKUP(A16, Fechas_Estado!A:AE,19,0),10) -> 2024-07-29 | F16: =MID(VLOOKUP(A16, Fechas_Estado!A:AE,19,0),12,8) -> 11:13:55 | G16: =_xlfn.CONCAT(E16," ",F16) -> 2024-07-29 11:13:55 | H16: =LEFT(VLOOKUP(A16, Fechas_Estado!A:AE,20,0),10) | I16: =MID(VLOOKUP(A16, Fechas_Estado!A:AE,20,0),12,8) | J16: =_xlfn.CONCAT(H16," ",I16) | K16: =LEFT(VLOOKUP(A16, Fechas_Estado!A:AE,21,0),10) | L16: =MID(VLOOKUP(A16, Fechas_Estado!A:AE,21,0),12,8) | M16: =_xlfn.CONCAT(K16," ",L16) | N16: =LEFT(VLOOKUP(A16, Fechas_Estado!A:AE,22,0),10) | O16: =MID(VLOOKUP(A16, Fechas_Estado!A:AE,22,0),12,8) | P16: =_xlfn.CONCAT(N16," ",O16) | Q16: =LEFT(VLOOKUP(A16, Fechas_Estado!A:AE,23,0),10) | R16: =MID(VLOOKUP(A16, Fechas_Estado!A:AE,23,0),12,8) | S16: =_xlfn.CONCAT(Q16," ",R16) | T16: =LEFT(VLOOKUP(A16, Fechas_Estado!A:AE,24,0),10) | U16: =MID(VLOOKUP(A16, Fechas_Estado!A:AE,24,0),12,8) | V16: =_xlfn.CONCAT(T16," ",U16) | W16: =LEFT(VLOOKUP(A16, Fechas_Estado!A:AE,25,0),10) -> 2024-07-31 | X16: =MID(VLOOKUP(A16, Fechas_Estado!A:AE,25,0),12,8) -> 09:39:51 | Y16: =_xlfn.CONCAT(W16," ",X16) -> 2024-07-31 09:39:51 | Z16: =LEFT(VLOOKUP(A16, Fechas_Estado!A:AE,26,0),10) -> 2024-08-20 | AA16: =MID(VLOOKUP(A16, Fechas_Estado!A:AE,26,0),12,8) -> 11:45:45 | AB16: =_xlfn.CONCAT(Z16," ",AA16) -> 2024-08-20 11:45:45 | AC16: =LEFT(VLOOKUP(A16, Fechas_Estado!A:AE,27,0),10) -> 2024-08-20 | AD16: =MID(VLOOKUP(A16, Fechas_Estado!A:AE,27,0),12,8) -> 16:10:21 | AE16: =_xlfn.CONCAT(AC16," ",AD16) -> 2024-08-20 16:10:21 | AF16: =LEFT(VLOOKUP(A16, Fechas_Estado!A:AF,28,0),10) -> 2024-08-20 | AG16: =MID(VLOOKUP(A16, Fechas_Estado!A:AF,28,0),12,8) -> 16:10:26 | AH16: =_xlfn.CONCAT(AF16," ",AG16) -> 2024-08-20 16:10:26 | AI16: =LEFT(VLOOKUP(A16, Fechas_Estado!A:AF,16,0),10) -> 2024-08-21 | AJ16: =MID(VLOOKUP(A16, Fechas_Estado!A:AF,16,0),12,8) -> 09:22:01 | AK16: =_xlfn.CONCAT(AI16," ",AJ16) -> 2024-08-21 09:22:01 | AL16: =AK16-D16 -> 22.923819 | AM16: =LEFT(VLOOKUP(A16, Fechas_Estado!A:AE,8,0),10) -> 2024-09-18 | AN16: =MID(VLOOKUP(A16, Fechas_Estado!A:AE,8,0),12,8) -> 15:45:06 | AO16: =_xlfn.CONCAT(AM16," ",AN16) -> 2024-09-18 15:45:06 | AP16: =LEFT(VLOOKUP(A16, Fechas_Estado!A:AE,7,0),10) -> 2024-09-18 | AQ16: =MID(VLOOKUP(A16, Fechas_Estado!A:AE,7,0),12,8) -> 15:46:46 | AR16: =_xlfn.CONCAT(AP16," ",AQ16) -> 2024-09-18 15:46:46 | AS16: =LEFT(VLOOKUP(A16, Fechas_Estado!A:AE,10,0),10) -> 2024-10-17 | AT16: =MID(VLOOKUP(A16, Fechas_Estado!A:AE,10,0),12,8) -> 15:34:06 | AU16: =_xlfn.CONCAT(AS16," ",AT16) -> 2024-10-17 15:34:06 | AV16: =LEFT(VLOOKUP(A16, Fechas_Estado!A:AE,17,0),10) -> 2024-10-17 | AW16: =MID(VLOOKUP(A16, Fechas_Estado!A:AE,17,0),12,8) -> 15:34:10 | AX16: =_xlfn.CONCAT(AV16," ",AW16) -> 2024-10-17 15:34:10 | AY16: =AX16-AO16 -> 28.992407 | AZ16: =LEFT(VLOOKUP(A16, Fechas_Estado!A:AE,5,0),10) -> 2024-10-17 | BA16: =MID(VLOOKUP(A16, Fechas_Estado!A:AE,5,0),12,8) -> 15:35:10 | BB16: =_xlfn.CONCAT(AZ16," ",BA16) -> 2024-10-17 15:35:10 | BC16: =BB16-AX16 -> 0.00069444444
... A19: =Fechas_Estado!A18 -> ESPC360-10759 | B19: =LEFT(VLOOKUP(A19,Fechas_Estado!A:AE,2,0),10) -> 2024-08-13 | C19: =MID(VLOOKUP(A19, Fechas_Estado!A:AE,2,0),12,8) -> 16:16:15 | D19: =_xlfn.CONCAT(B19," ",C19) -> 2024-08-13 16:16:15 | E19: =LEFT(VLOOKUP(A19, Fechas_Estado!A:AE,19,0),10) | F19: =MID(VLOOKUP(A19, Fechas_Estado!A:AE,19,0),12,8) | G19: =_xlfn.CONCAT(E19," ",F19) | H19: =LEFT(VLOOKUP(A19, Fechas_Estado!A:AE,20,0),10) | I19: =MID(VLOOKUP(A19, Fechas_Estado!A:AE,20,0),12,8) | J19: =_xlfn.CONCAT(H19," ",I19) | K19: =LEFT(VLOOKUP(A19, Fechas_Estado!A:AE,21,0),10) | L19: =MID(VLOOKUP(A19, Fechas_Estado!A:AE,21,0),12,8) | M19: =_xlfn.CONCAT(K19," ",L19) | N19: =LEFT(VLOOKUP(A19, Fechas_Estado!A:AE,22,0),10) | O19: =MID(VLOOKUP(A19, Fechas_Estado!A:AE,22,0),12,8) | P19: =_xlfn.CONCAT(N19," ",O19) | Q19: =LEFT(VLOOKUP(A19, Fechas_Estado!A:AE,23,0),10) | R19: =MID(VLOOKUP(A19, Fechas_Estado!A:AE,23,0),12,8) | S19: =_xlfn.CONCAT(Q19," ",R19) | T19: =LEFT(VLOOKUP(A19, Fechas_Estado!A:AE,24,0),10) | U19: =MID(VLOOKUP(A19, Fechas_Estado!A:AE,24,0),12,8) | V19: =_xlfn.CONCAT(T19," ",U19) | W19: =LEFT(VLOOKUP(A19, Fechas_Estado!A:AE,25,0),10) -> 2024-08-13 | X19: =MID(VLOOKUP(A19, Fechas_Estado!A:AE,25,0),12,8) -> 16:16:28 | Y19: =_xlfn.CONCAT(W19," ",X19) -> 2024-08-13 16:16:28 | Z19: =LEFT(VLOOKUP(A19, Fechas_Estado!A:AE,26,0),10) -> 2024-08-21 | AA19: =MID(VLOOKUP(A19, Fechas_Estado!A:AE,26,0),12,8) -> 13:44:46 | AB19: =_xlfn.CONCAT(Z19," ",AA19) -> 2024-08-21 13:44:46 | AC19: =LEFT(VLOOKUP(A19, Fechas_Estado!A:AE,27,0),10) -> 2024-08-28 | AD19: =MID(VLOOKUP(A19, Fechas_Estado!A:AE,27,0),12,8) -> 12:03:44 | AE19: =_xlfn.CONCAT(AC19," ",AD19) -> 2024-08-28 12:03:44 | AF19: =LEFT(VLOOKUP(A19, Fechas_Estado!A:AF,28,0),10) | AG19: =MID(VLOOKUP(A19, Fechas_Estado!A:AF,28,0),12,8) | AH19: =_xlfn.CONCAT(AF19," ",AG19) | AI19: =LEFT(VLOOKUP(A19, Fechas_Estado!A:AF,16,0),10) -> 2024-09-16 | AJ19: =MID(VLOOKUP(A19, Fechas_Estado!A:AF,16,0),12,8) -> 11:46:53 | AK19: =_xlfn.CONCAT(AI19," ",AJ19) -> 2024-09-16 11:46:53 | AL19: =AK19-D19 -> 33.81294 | AM19: =LEFT(VLOOKUP(A19, Fechas_Estado!A:AE,8,0),10) -> 2024-09-19 | AN19: =MID(VLOOKUP(A19, Fechas_Estado!A:AE,8,0),12,8) -> 15:26:37 | AO19: =_xlfn.CONCAT(AM19," ",AN19) -> 2024-09-19 15:26:37 | AP19: =LEFT(VLOOKUP(A19, Fechas_Estado!A:AE,7,0),10) -> 2024-09-25 | AQ19: =MID(VLOOKUP(A19, Fechas_Estado!A:AE,7,0),12,8) -> 11:56:08 | AR19: =_xlfn.CONCAT(AP19," ",AQ19) -> 2024-09-25 11:56:08 | AS19: =LEFT(VLOOKUP(A19, Fechas_Estado!A:AE,10,0),10) -> 2024-09-25 | AT19: =MID(VLOOKUP(A19, Fechas_Estado!A:AE,10,0),12,8) -> 11:56:14 | AU19: =_xlfn.CONCAT(AS19," ",AT19) -> 2024-09-25 11:56:14 | AV19: =LEFT(VLOOKUP(A19, Fechas_Estado!A:AE,17,0),10) -> 2024-10-16 | AW19: =MID(VLOOKUP(A19, Fechas_Estado!A:AE,17,0),12,8) -> 10:44:37 | AX19: =_xlfn.CONCAT(AV19," ",AW19) -> 2024-10-16 10:44:37 | AY19: =AX19-AO19 -> 26.804167 | AZ19: =LEFT(VLOOKUP(A19, Fechas_Estado!A:AE,5,0),10) -> 2024-10-31 | BA19: =MID(VLOOKUP(A19, Fechas_Estado!A:AE,5,0),12,8) -> 09:15:06 | BB19: =_xlfn.CONCAT(AZ19," ",BA19) -> 2024-10-31 09:15:06 | BC19: =BB19-AX19 -> 14.937836
A20: =Fechas_Estado!A19 -> ESPC360-11021 | B20: =LEFT(VLOOKUP(A20,Fechas_Estado!A:AE,2,0),10) -> 2024-08-22 | C20: =MID(VLOOKUP(A20, Fechas_Estado!A:AE,2,0),12,8) -> 14:13:13 | D20: =_xlfn.CONCAT(B20," ",C20) -> 2024-08-22 14:13:13 | E20: =LEFT(VLOOKUP(A20, Fechas_Estado!A:AE,19,0),10) | F20: =MID(VLOOKUP(A20, Fechas_Estado!A:AE,19,0),12,8) | G20: =_xlfn.CONCAT(E20," ",F20) | H20: =LEFT(VLOOKUP(A20, Fechas_Estado!A:AE,20,0),10) -> 2024-08-22 | I20: =MID(VLOOKUP(A20, Fechas_Estado!A:AE,20,0),12,8) -> 15:26:41 | J20: =_xlfn.CONCAT(H20," ",I20) -> 2024-08-22 15:26:41 | K20: =LEFT(VLOOKUP(A20, Fechas_Estado!A:AE,21,0),10) | L20: =MID(VLOOKUP(A20, Fechas_Estado!A:AE,21,0),12,8) | M20: =_xlfn.CONCAT(K20," ",L20) | N20: =LEFT(VLOOKUP(A20, Fechas_Estado!A:AE,22,0),10) -> 2024-08-28 | O20: =MID(VLOOKUP(A20, Fechas_Estado!A:AE,22,0),12,8) -> 09:42:46 | P20: =_xlfn.CONCAT(N20," ",O20) -> 2024-08-28 09:42:46 | Q20: =LEFT(VLOOKUP(A20, Fechas_Estado!A:AE,23,0),10) -> 2024-09-02 | R20: =MID(VLOOKUP(A20, Fechas_Estado!A:AE,23,0),12,8) -> 12:08:15 | S20: =_xlfn.CONCAT(Q20," ",R20) -> 2024-09-02 12:08:15 | T20: =LEFT(VLOOKUP(A20, Fechas_Estado!A:AE,24,0),10) -> 2024-09-02 | U20: =MID(VLOOKUP(A20,Fechas_Estado!A:AE,24,0),12,8) -> 12:08:31 | V20: =_xlfn.CONCAT(T20," ",U20) -> 2024-09-02 12:08:31 | W20: =LEFT(VLOOKUP(A20, Fechas_Estado!A:AE,25,0),10) -> 2024-09-02 | X20: =MID(VLOOKUP(A20, Fechas_Estado!A:AE,25,0),12,8) -> 12:08:44 | Y20: =_xlfn.CONCAT(W20," ",X20) -> 2024-09-02 12:08:44 | Z20: =LEFT(VLOOKUP(A20, Fechas_Estado!A:AE,26,0),10) -> 2024-09-03 | AA20: =MID(VLOOKUP(A20, Fechas_Estado!A:AE,26,0),12,8) -> 09:32:36 | AB20: =_xlfn.CONCAT(Z20," ",AA20) -> 2024-09-03 09:32:36 | AC20: =LEFT(VLOOKUP(A20, Fechas_Estado!A:AE,27,0),10) -> 2024-09-03 | AD20: =MID(VLOOKUP(A20, Fechas_Estado!A:AE,27,0),12,8) -> 17:28:23 | AE20: =_xlfn.CONCAT(AC20," ",AD20) -> 2024-09-03 17:28:23 | AF20: =LEFT(VLOOKUP(A20, Fechas_Estado!A:AF,28,0),10) | AG20: =MID(VLOOKUP(A20, Fechas_Estado!A:AF,28,0),12,8) | AH20: =_xlfn.CONCAT(AF20," ",AG20) | AI20: =LEFT(VLOOKUP(A20, Fechas_Estado!A:AF,16,0),10) -> 2024-09-04 | AJ20: =MID(VLOOKUP(A20, Fechas_Estado!A:AF,16,0),12,8) -> 13:35:16 | AK20: =_xlfn.CONCAT(AI20," ",AJ20) -> 2024-09-04 13:35:16 | AL20: =AK20-D20 -> 12.973646 | AM20: =LEFT(VLOOKUP(A20, Fechas_Estado!A:AE,8,0),10) -> 2024-09-04 | AN20: =MID(VLOOKUP(A20, Fechas_Estado!A:AE,8,0),12,8) -> 13:35:22 | AO20: =_xlfn.CONCAT(AM20," ",AN20) -> 2024-09-04 13:35:22 | AP20: =LEFT(VLOOKUP(A20, Fechas_Estado!A:AE,7,0),10) -> 2024-09-04 | AQ20: =MID(VLOOKUP(A20, Fechas_Estado!A:AE,7,0),12,8) -> 13:35:29 | AR20: =_xlfn.CONCAT(AP20," ",AQ20) -> 2024-09-04 13:35:29 | AS20: =LEFT(VLOOKUP(A20, Fechas_Estado!A:AE,10,0),10) -> 2024-09-04 | AT20: =MID(VLOOKUP(A20, Fechas_Estado!A:AE,10,0),12,8) -> 15:13:36 | AU20: =_xlfn.CONCAT(AS20," ",AT20) -> 2024-09-04 15:13:36 | AV20: =LEFT(VLOOKUP(A20, Fechas_Estado!A:AE,17,0),10) -> 2024-09-04 | AW20: =MID(VLOOKUP(A20, Fechas_Estado!A:AE,17,0),12,8) -> 15:13:40 | AX20: =_xlfn.CONCAT(AV20," ",AW20) -> 2024-09-04 15:13:40 | AY20: =AX20-AO20 -> 0.068263889 | AZ20: =LEFT(VLOOKUP(A20, Fechas_Estado!A:AE,5,0),10) -> 2024-09-05 | BA20: =MID(VLOOKUP(A20, Fechas_Estado!A:AE,5,0),12,8) -> 16:31:51 | BB20: =_xlfn.CONCAT(AZ20," ",BA20) -> 2024-09-05 16:31:51 | BC20: =BB20-AX20 -> 1.054294
A21: =Fechas_Estado!A20 -> ESPC360-11034 | B21: =LEFT(VLOOKUP(A21,Fechas_Estado!A:AE,2,0),10) -> 2024-08-23 | C21: =MID(VLOOKUP(A21, Fechas_Estado!A:AE,2,0),12,8) -> 11:44:43 | D21: =_xlfn.CONCAT(B21," ",C21) -> 2024-08-23 11:44:43 | E21: =LEFT(VLOOKUP(A21, Fechas_Estado!A:AE,19,0),10) | F21: =MID(VLOOKUP(A21, Fechas_Estado!A:AE,19,0),12,8) | G21: =_xlfn.CONCAT(E21," ",F21) | H21: =LEFT(VLOOKUP(A21, Fechas_Estado!A:AE,20,0),10) | I21: =MID(VLOOKUP(A21, Fechas_Estado!A:AE,20,0),12,8) | J21: =_xlfn.CONCAT(H21," ",I21) | K21: =LEFT(VLOOKUP(A21, Fechas_Estado!A:AE,21,0),10) | L21: =MID(VLOOKUP(A21, Fechas_Estado!A:AE,21,0),12,8) | M21: =_xlfn.CONCAT(K21," ",L21) | N21: =LEFT(VLOOKUP(A21, Fechas_Estado!A:AE,22,0),10) | O21: =MID(VLOOKUP(A21, Fechas_Estado!A:AE,22,0),12,8) | P21: =_xlfn.CONCAT(N21," ",O21) | Q21: =LEFT(VLOOKUP(A21, Fechas_Estado!A:AE,23,0),10) | R21: =MID(VLOOKUP(A21, Fechas_Estado!A:AE,23,0),12,8) | S21: =_xlfn.CONCAT(Q21," ",R21) | T21: =LEFT(VLOOKUP(A21, Fechas_Estado!A:AE,24,0),10) | U21: =MID(VLOOKUP(A21, Fechas_Estado!A:AE,24,0),12,8) | V21: =_xlfn.CONCAT(T21," ",U21) | W21: =LEFT(VLOOKUP(A21, Fechas_Estado!A:AE,25,0),10) -> 2024-08-23 | X21: =MID(VLOOKUP(A21, Fechas_Estado!A:AE,25,0),12,8) -> 11:44:57 | Y21: =_xlfn.CONCAT(W21," ",X21) -> 2024-08-23 11:44:57 | Z21: =LEFT(VLOOKUP(A21, Fechas_Estado!A:AE,26,0),10) -> 2024-08-27 | AA21: =MID(VLOOKUP(A21, Fechas_Estado!A:AE,26,0),12,8) -> 12:24:11 | AB21: =_xlfn.CONCAT(Z21," ",AA21) -> 2024-08-27 12:24:11 | AC21: =LEFT(VLOOKUP(A21, Fechas_Estado!A:AE,27,0),10) | AD21: =MID(VLOOKUP(A21, Fechas_Estado!A:AE,27,0),12,8) | AE21: =_xlfn.CONCAT(AC21," ",AD21) | AF21: =LEFT(VLOOKUP(A21, Fechas_Estado!A:AF,28,0),10) | AG21: =MID(VLOOKUP(A21, Fechas_Estado!A:AF,28,0),12,8) | AH21: =_xlfn.CONCAT(AF21," ",AG21) | AI21: =LEFT(VLOOKUP(A21, Fechas_Estado!A:AF,16,0),10) -> 2024-08-30 | AJ21: =MID(VLOOKUP(A21, Fechas_Estado!A:AF,16,0),12,8) -> 16:50:58 | AK21: =_xlfn.CONCAT(AI21," ",AJ21) -> 2024-08-30 16:50:58 | AL21: =AK21-D21 -> 7.2126736 | AM21: =LEFT(VLOOKUP(A21, Fechas_Estado!A:AE,8,0),10) | AN21: =MID(VLOOKUP(A21, Fechas_Estado!A:AE,8,0),12,8) | AO21: =_xlfn.CONCAT(AM21," ",AN21) | AP21: =LEFT(VLOOKUP(A21, Fechas_Estado!A:AE,7,0),10) | AQ21: =MID(VLOOKUP(A21, Fechas_Estado!A:AE,7,0),12,8) | AR21: =_xlfn.CONCAT(AP21," ",AQ21) | AS21: =LEFT(VLOOKUP(A21, Fechas_Estado!A:AE,10,0),10) | AT21: =MID(VLOOKUP(A21, Fechas_Estado!A:AE,10,0),12,8) | AU21: =_xlfn.CONCAT(AS21," ",AT21) | AV21: =LEFT(VLOOKUP(A21, Fechas_Estado!A:AE,17,0),10) -> 2024-09-02 | AW21: =MID(VLOOKUP(A21, Fechas_Estado!A:AE,17,0),12,8) -> 10:58:39 | AX21: =_xlfn.CONCAT(AV21," ",AW21) -> 2024-09-02 10:58:39 | AY21: =AX21-AO21 -> #VALUE! | AZ21: =LEFT(VLOOKUP(A21, Fechas_Estado!A:AE,5,0),10) -> 2024-09-03 | BA21: =MID(VLOOKUP(A21, Fechas_Estado!A:AE,5,0),12,8) -> 17:21:23 | BB21: =_xlfn.CONCAT(AZ21," ",BA21) -> 2024-09-03 17:21:23 | BC21: =BB21-AX21 -> 1.265787
A22: =Fechas_Estado!A21 -> ESPC360-11060 | B22: =LEFT(VLOOKUP(A22,Fechas_Estado!A:AE,2,0),10) -> 2024-08-27 | C22: =MID(VLOOKUP(A22, Fechas_Estado!A:AE,2,0),12,8) -> 09:25:06 | D22: =_xlfn.CONCAT(B22," ",C22) -> 2024-08-27 09:25:06 | E22: =LEFT(VLOOKUP(A22, Fechas_Estado!A:AE,19,0),10) | F22: =MID(VLOOKUP(A22, Fechas_Estado!A:AE,19,0),12,8) | G22: =_xlfn.CONCAT(E22," ",F22) | H22: =LEFT(VLOOKUP(A22, Fechas_Estado!A:AE,20,0),10) | I22: =MID(VLOOKUP(A22, Fechas_Estado!A:AE,20,0),12,8) | J22: =_xlfn.CONCAT(H22," ",I22) | K22: =LEFT(VLOOKUP(A22, Fechas_Estado!A:AE,21,0),10) | L22: =MID(VLOOKUP(A22, Fechas_Estado!A:AE,21,0),12,8) | M22: =_xlfn.CONCAT(K22," ",L22) | N22: =LEFT(VLOOKUP(A22, Fechas_Estado!A:AE,22,0),10) | O22: =MID(VLOOKUP(A22, Fechas_Estado!A:AE,22,0),12,8) | P22: =_xlfn.CONCAT(N22," ",O22) | Q22: =LEFT(VLOOKUP(A22, Fechas_Estado!A:AE,23,0),10) | R22: =MID(VLOOKUP(A22, Fechas_Estado!A:AE,23,0),12,8) | S22: =_xlfn.CONCAT(Q22," ",R22) | T22: =LEFT(VLOOKUP(A22, Fechas_Estado!A:AE,24,0),10) | U22: =MID(VLOOKUP(A22, Fechas_Estado!A:AE,24,0),12,8) | V22: =_xlfn.CONCAT(T22," ",U22) | W22: =LEFT(VLOOKUP(A22, Fechas_Estado!A:AE,25,0),10) -> 2024-08-27 | X22: =MID(VLOOKUP(A22, Fechas_Estado!A:AE,25,0),12,8) -> 09:25:20 | Y22: =_xlfn.CONCAT(W22," ",X22) -> 2024-08-27 09:25:20 | Z22: =LEFT(VLOOKUP(A22, Fechas_Estado!A:AE,26,0),10) -> 2024-08-30 | AA22: =MID(VLOOKUP(A22, Fechas_Estado!A:AE,26,0),12,8) -> 09:20:48 | AB22: =_xlfn.CONCAT(Z22," ",AA22) -> 2024-08-30 09:20:48 | AC22: =LEFT(VLOOKUP(A22, Fechas_Estado!A:AE,27,0),10) -> 2024-09-02 | AD22: =MID(VLOOKUP(A22, Fechas_Estado!A:AE,27,0),12,8) -> 09:46:36 | AE22: =_xlfn.CONCAT(AC22," ",AD22) -> 2024-09-02 09:46:36 | AF22: =LEFT(VLOOKUP(A22, Fechas_Estado!A:AF,28,0),10) | AG22: =MID(VLOOKUP(A22, Fechas_Estado!A:AF,28,0),12,8) | AH22: =_xlfn.CONCAT(AF22," ",AG22) | AI22: =LEFT(VLOOKUP(A22, Fechas_Estado!A:AF,16,0),10) -> 2024-09-05 | AJ22: =MID(VLOOKUP(A22, Fechas_Estado!A:AF,16,0),12,8) -> 11:09:27 | AK22: =_xlfn.CONCAT(AI22," ",AJ22) -> 2024-09-05 11:09:27 | AL22: =AK22-D22 -> 9.0724653 | AM22: =LEFT(VLOOKUP(A22, Fechas_Estado!A:AE,8,0),10) -> 2024-09-06 | AN22: =MID(VLOOKUP(A22, Fechas_Estado!A:AE,8,0),12,8) -> 14:00:00 | AO22: =_xlfn.CONCAT(AM22," ",AN22) -> 2024-09-06 14:00:00 | AP22: =LEFT(VLOOKUP(A22, Fechas_Estado!A:AE,7,0),10) -> 2024-09-06 | AQ22: =MID(VLOOKUP(A22, Fechas_Estado!A:AE,7,0),12,8) -> 14:00:03 | AR22: =_xlfn.CONCAT(AP22," ",AQ22) -> 2024-09-06 14:00:03 | AS22: =LEFT(VLOOKUP(A22, Fechas_Estado!A:AE,10,0),10) -> 2024-09-09 | AT22: =MID(VLOOKUP(A22, Fechas_Estado!A:AE,10,0),12,8) -> 09:05:10 | AU22: =_xlfn.CONCAT(AS22," ",AT22) -> 2024-09-09 09:05:10 | AV22: =LEFT(VLOOKUP(A22, Fechas_Estado!A:AE,17,0),10) -> 2024-09-13 | AW22: =MID(VLOOKUP(A22, Fechas_Estado!A:AE,17,0),12,8) -> 09:14:31 | AX22: =_xlfn.CONCAT(AV22," ",AW22) -> 2024-09-13 09:14:31 | AY22: =AX22-AO22 -> 6.8017477 | AZ22: =LEFT(VLOOKUP(A22, Fechas_Estado!A:AE,5,0),10) -> 2024-10-10 | BA22: =MID(VLOOKUP(A22, Fechas_Estado!A:AE,5,0),12,8) -> 17:41:36 | BB22: =_xlfn.CONCAT(AZ22," ",BA22) -> 2024-10-10 17:41:36 | BC22: =BB22-AX22 -> 27.352141
A23: =Fechas_Estado!A22 -> ESPC360-11061 | B23: =LEFT(VLOOKUP(A23,Fechas_Estado!A:AE,2,0),10) -> 2024-08-27 | C23: =MID(VLOOKUP(A23, Fechas_Estado!A:AE,2,0),12,8) -> 09:27:10 | D23: =_xlfn.CONCAT(B23," ",C23) -> 2024-08-27 09:27:10 | E23: =LEFT(VLOOKUP(A23, Fechas_Estado!A:AE,19,0),10) | F23: =MID(VLOOKUP(A23, Fechas_Estado!A:AE,19,0),12,8) | G23: =_xlfn.CONCAT(E23," ",F23) | H23: =LEFT(VLOOKUP(A23, Fechas_Estado!A:AE,20,0),10) | I23: =MID(VLOOKUP(A23, Fechas_Estado!A:AE,20,0),12,8) | J23: =_xlfn.CONCAT(H23," ",I23) | K23: =LEFT(VLOOKUP(A23, Fechas_Estado!A:AE,21,0),10) | L23: =MID(VLOOKUP(A23, Fechas_Estado!A:AE,21,0),12,8) | M23: =_xlfn.CONCAT(K23," ",L23) | N23: =LEFT(VLOOKUP(A23, Fechas_Estado!A:AE,22,0),10) | O23: =MID(VLOOKUP(A23, Fechas_Estado!A:AE,22,0),12,8) | P23: =_xlfn.CONCAT(N23," ",O23) | Q23: =LEFT(VLOOKUP(A23, Fechas_Estado!A:AE,23,0),10) | R23: =MID(VLOOKUP(A23, Fechas_Estado!A:AE,23,0),12,8) | S23: =_xlfn.CONCAT(Q23," ",R23) | T23: =LEFT(VLOOKUP(A23, Fechas_Estado!A:AE,24,0),10) | U23: =MID(VLOOKUP(A23, Fechas_Estado!A:AE,24,0),12,8) | V23: =_xlfn.CONCAT(T23," ",U23) | W23: =LEFT(VLOOKUP(A23, Fechas_Estado!A:AE,25,0),10) -> 2024-08-27 | X23: =MID(VLOOKUP(A23, Fechas_Estado!A:AE,25,0),12,8) -> 09:42:34 | Y23: =_xlfn.CONCAT(W23," ",X23) -> 2024-08-27 09:42:34 | Z23: =LEFT(VLOOKUP(A23, Fechas_Estado!A:AE,26,0),10) -> 2024-09-02 | AA23: =MID(VLOOKUP(A23, Fechas_Estado!A:AE,26,0),12,8) -> 11:56:59 | AB23: =_xlfn.CONCAT(Z23," ",AA23) -> 2024-09-02 11:56:59 | AC23: =LEFT(VLOOKUP(A23, Fechas_Estado!A:AE,27,0),10) | AD23: =MID(VLOOKUP(A23, Fechas_Estado!A:AE,27,0),12,8) | AE23: =_xlfn.CONCAT(AC23," ",AD23) | AF23: =LEFT(VLOOKUP(A23, Fechas_Estado!A:AF,28,0),10) | AG23: =MID(VLOOKUP(A23, Fechas_Estado!A:AF,28,0),12,8) | AH23: =_xlfn.CONCAT(AF23," ",AG23) | AI23: =LEFT(VLOOKUP(A23, Fechas_Estado!A:AF,16,0),10) | AJ23: =MID(VLOOKUP(A23, Fechas_Estado!A:AF,16,0),12,8) | AK23: =_xlfn.CONCAT(AI23," ",AJ23) | AL23: =AK23-D23 -> #VALUE! | AM23: =LEFT(VLOOKUP(A23, Fechas_Estado!A:AE,8,0),10) | AN23: =MID(VLOOKUP(A23, Fechas_Estado!A:AE,8,0),12,8) | AO23: =_xlfn.CONCAT(AM23," ",AN23) | AP23: =LEFT(VLOOKUP(A23, Fechas_Estado!A:AE,7,0),10) | AQ23: =MID(VLOOKUP(A23, Fechas_Estado!A:AE,7,0),12,8) | AR23: =_xlfn.CONCAT(AP23," ",AQ23) | AS23: =LEFT(VLOOKUP(A23, Fechas_Estado!A:AE,10,0),10) | AT23: =MID(VLOOKUP(A23, Fechas_Estado!A:AE,10,0),12,8) | AU23: =_xlfn.CONCAT(AS23," ",AT23) | AV23: =LEFT(VLOOKUP(A23, Fechas_Estado!A:AE,17,0),10) | AW23: =MID(VLOOKUP(A23, Fechas_Estado!A:AE,17,0),12,8) | AX23: =_xlfn.CONCAT(AV23," ",AW23) | AY23: =AX23-AO23 -> #VALUE! | AZ23: =LEFT(VLOOKUP(A23, Fechas_Estado!A:AE,5,0),10) | BA23: =MID(VLOOKUP(A23, Fechas_Estado!A:AE,5,0),12,8) | BB23: =_xlfn.CONCAT(AZ23," ",BA23) | BC23: =BB23-AX23 -> #VALUE!
